timestamp,asset,event,reason,z_score,cbd_score,analyst_signal,analyst_confidence,risk_approved,risk_rejection_reason,analyst_reasoning,risk_summary
2026-04-06 00:31:00+00:00,CC,trigger_admitted,z_score,2.0794096930210415,0.3875904060707531,long,0.743870856655834,True,,Triggered by z_score; z=2.079; abs_return=0.00194; CBD omega=0.388; rho_cb=0.736; deterministic proxy decision.,Approved by deterministic hard gates.
2026-04-06 00:32:00+00:00,SOL,trigger_discarded,pipeline_busy_or_global_cooldown,2.7546395523686673,,,,,,,
2026-04-06 00:33:00+00:00,CC,trigger_discarded,pipeline_busy_or_global_cooldown,2.1919661078388235,,,,,,,
2026-04-06 00:33:00+00:00,ETH,trigger_discarded,pipeline_busy_or_global_cooldown,2.5254618484487366,,,,,,,
2026-04-06 00:33:00+00:00,XPL,trigger_discarded,pipeline_busy_or_global_cooldown,2.239227567359762,,,,,,,
2026-04-06 00:34:00+00:00,SOL,trigger_discarded,pipeline_busy_or_global_cooldown,2.163068251658505,,,,,,,
2026-04-06 00:37:00+00:00,FARTCOIN,trigger_discarded,pipeline_busy_or_global_cooldown,2.0291989973929385,,,,,,,
2026-04-06 00:38:00+00:00,CC,trigger_discarded,pipeline_busy_or_global_cooldown,3.2679037976144136,,,,,,,
2026-04-06 00:42:00+00:00,AVAX,trigger_discarded,pipeline_busy_or_global_cooldown,3.1020864097310823,,,,,,,
2026-04-06 00:47:00+00:00,XPL,trigger_discarded,pipeline_busy_or_global_cooldown,2.0506556491644745,,,,,,,
2026-04-06 00:51:00+00:00,AVAX,trigger_discarded,pipeline_busy_or_global_cooldown,2.0127146615825358,,,,,,,
2026-04-06 00:52:00+00:00,BTC,trigger_discarded,pipeline_busy_or_global_cooldown,2.1187295046123884,,,,,,,
2026-04-06 00:53:00+00:00,AVAX,trigger_discarded,pipeline_busy_or_global_cooldown,2.1364165214460713,,,,,,,
2026-04-06 00:54:00+00:00,SOL,trigger_discarded,pipeline_busy_or_global_cooldown,2.5542952214744314,,,,,,,
2026-04-06 00:57:00+00:00,BTC,trigger_discarded,pipeline_busy_or_global_cooldown,2.1192636159039266,,,,,,,
2026-04-06 01:00:00+00:00,BTC,trigger_discarded,pipeline_busy_or_global_cooldown,2.2303774607433815,,,,,,,
2026-04-06 01:01:00+00:00,XPL,trigger_admitted,z_score,2.3915170842768423,0.40633621174196727,short,0.7725886090905408,True,,Triggered by z_score; z=2.392; abs_return=0.00231; CBD omega=0.406; rho_cb=0.635; deterministic proxy decision.,Approved by deterministic hard gates.
2026-04-06 01:04:00+00:00,XPL,trigger_discarded,pipeline_busy_or_global_cooldown,3.9506355151261663,,,,,,,
2026-04-06 01:06:00+00:00,ETH,trigger_discarded,pipeline_busy_or_global_cooldown,2.3777348957173725,,,,,,,
2026-04-06 01:08:00+00:00,ETH,trigger_discarded,pipeline_busy_or_global_cooldown,2.862693782592089,,,,,,,
2026-04-06 01:11:00+00:00,CC,trigger_discarded,pipeline_busy_or_global_cooldown,2.5542515888556,,,,,,,
2026-04-06 01:12:00+00:00,SOL,trigger_discarded,pipeline_busy_or_global_cooldown,2.8652671294036396,,,,,,,
2026-04-06 01:12:00+00:00,XPL,trigger_discarded,pipeline_busy_or_global_cooldown,2.296611075767546,,,,,,,
2026-04-06 01:14:00+00:00,FARTCOIN,trigger_discarded,pipeline_busy_or_global_cooldown,3.104262511961545,,,,,,,
2026-04-06 01:21:00+00:00,ETH,trigger_discarded,pipeline_busy_or_global_cooldown,3.1254942386883657,,,,,,,
2026-04-06 01:26:00+00:00,BCH,trigger_discarded,pipeline_busy_or_global_cooldown,2.9415819585390115,,,,,,,
2026-04-06 01:34:00+00:00,BTC,trigger_admitted,z_score,3.590049377220289,0.2742149569264204,short,0.8420469415629072,True,,Triggered by z_score; z=3.590; abs_return=0.00118; CBD omega=0.274; rho_cb=0.000; deterministic proxy decision.,Approved by deterministic hard gates.
2026-04-06 01:35:00+00:00,BCH,trigger_discarded,pipeline_busy_or_global_cooldown,2.319919253559523,,,,,,,
2026-04-06 01:35:00+00:00,BTC,trigger_discarded,pipeline_busy_or_global_cooldown,2.303494419215755,,,,,,,
2026-04-06 01:38:00+00:00,FARTCOIN,trigger_discarded,pipeline_busy_or_global_cooldown,2.28480005827214,,,,,,,
2026-04-06 01:42:00+00:00,BCH,trigger_discarded,pipeline_busy_or_global_cooldown,2.6706335384638553,,,,,,,
2026-04-06 01:42:00+00:00,CC,trigger_discarded,pipeline_busy_or_global_cooldown,2.5866418644649665,,,,,,,
2026-04-06 01:42:00+00:00,FARTCOIN,trigger_discarded,pipeline_busy_or_global_cooldown,2.342716132261735,,,,,,,
2026-04-06 01:46:00+00:00,XPL,trigger_discarded,pipeline_busy_or_global_cooldown,2.4278979139009675,,,,,,,
2026-04-06 01:48:00+00:00,XPL,trigger_discarded,pipeline_busy_or_global_cooldown,3.514327859126727,,,,,,,
2026-04-06 01:49:00+00:00,AVAX,trigger_discarded,pipeline_busy_or_global_cooldown,3.7286034564826736,,,,,,,
2026-04-06 01:49:00+00:00,BTC,trigger_discarded,pipeline_busy_or_global_cooldown,2.526285314522284,,,,,,,
2026-04-06 01:54:00+00:00,BCH,trigger_discarded,pipeline_busy_or_global_cooldown,2.2550300607572535,,,,,,,
2026-04-06 01:55:00+00:00,CC,trigger_discarded,pipeline_busy_or_global_cooldown,3.9884758945182868,,,,,,,
2026-04-06 01:56:00+00:00,SOL,trigger_discarded,pipeline_busy_or_global_cooldown,2.149770929231866,,,,,,,
2026-04-06 01:58:00+00:00,BCH,trigger_discarded,pipeline_busy_or_global_cooldown,2.883226065353994,,,,,,,
2026-04-06 01:59:00+00:00,AVAX,trigger_discarded,pipeline_busy_or_global_cooldown,2.334299565519174,,,,,,,
2026-04-06 02:06:00+00:00,AVAX,trigger_admitted,z_score,2.176100058644123,0.18326775860409605,long,0.710741556412349,True,,Triggered by z_score; z=2.176; abs_return=0.00213; CBD omega=0.183; rho_cb=0.282; deterministic proxy decision.,Approved by deterministic hard gates.
2026-04-06 02:06:00+00:00,CC,trigger_discarded,pipeline_busy_or_global_cooldown,3.1143358530255925,,,,,,,
2026-04-06 02:08:00+00:00,BCH,trigger_discarded,pipeline_busy_or_global_cooldown,2.019046332165119,,,,,,,
2026-04-06 02:09:00+00:00,ETH,trigger_discarded,pipeline_busy_or_global_cooldown,2.558731481702135,,,,,,,
2026-04-06 02:14:00+00:00,ETH,trigger_discarded,pipeline_busy_or_global_cooldown,2.752433670261152,,,,,,,
2026-04-06 02:16:00+00:00,FARTCOIN,trigger_discarded,pipeline_busy_or_global_cooldown,3.743935013731715,,,,,,,
2026-04-06 02:18:00+00:00,BTC,trigger_discarded,pipeline_busy_or_global_cooldown,2.4290735279485935,,,,,,,
2026-04-06 02:19:00+00:00,BTC,trigger_discarded,pipeline_busy_or_global_cooldown,3.783613348543307,,,,,,,
2026-04-06 02:19:00+00:00,ETH,trigger_discarded,pipeline_busy_or_global_cooldown,2.2172587992167174,,,,,,,
2026-04-06 02:26:00+00:00,ETH,trigger_discarded,pipeline_busy_or_global_cooldown,2.603092831681197,,,,,,,
2026-04-06 02:35:00+00:00,BCH,trigger_discarded,pipeline_busy_or_global_cooldown,2.9754569678147007,,,,,,,
2026-04-06 02:36:00+00:00,BCH,trigger_admitted,z_score,2.3923026201990747,0.5153502994613681,short,0.7944542695081995,True,,Triggered by z_score; z=2.392; abs_return=0.00203; CBD omega=0.515; rho_cb=0.853; deterministic proxy decision.,Approved by deterministic hard gates.
2026-04-06 02:39:00+00:00,BCH,trigger_discarded,pipeline_busy_or_global_cooldown,2.2210878338950724,,,,,,,
2026-04-06 02:39:00+00:00,XPL,trigger_discarded,pipeline_busy_or_global_cooldown,3.442025196594905,,,,,,,
2026-04-06 02:42:00+00:00,ETH,trigger_discarded,pipeline_busy_or_global_cooldown,2.149246395449173,,,,,,,
2026-04-06 02:44:00+00:00,AVAX,trigger_discarded,pipeline_busy_or_global_cooldown,2.3491205763198644,,,,,,,
2026-04-06 02:52:00+00:00,CC,trigger_discarded,pipeline_busy_or_global_cooldown,2.5474905093680404,,,,,,,
2026-04-06 02:53:00+00:00,AVAX,trigger_discarded,pipeline_busy_or_global_cooldown,2.1038016978835414,,,,,,,
2026-04-06 02:54:00+00:00,SOL,trigger_discarded,pipeline_busy_or_global_cooldown,2.3773194186097095,,,,,,,
2026-04-06 02:56:00+00:00,ETH,trigger_discarded,pipeline_busy_or_global_cooldown,4.062028379240993,,,,,,,
2026-04-06 03:00:00+00:00,XPL,trigger_discarded,pipeline_busy_or_global_cooldown,2.9408815729806768,,,,,,,
2026-04-06 03:01:00+00:00,SOL,trigger_discarded,pipeline_busy_or_global_cooldown,3.471899570424477,,,,,,,
2026-04-06 03:03:00+00:00,AVAX,trigger_discarded,pipeline_busy_or_global_cooldown,2.158408135534599,,,,,,,
2026-04-06 03:06:00+00:00,XPL,trigger_admitted,z_score_and_abs_return_floor,3.3074939279965134,0.595111568852555,long,0.883621828010232,True,,Triggered by z_score_and_abs_return_floor; z=3.307; abs_return=0.00388; CBD omega=0.595; rho_cb=0.710; deterministic proxy decision.,Approved by deterministic hard gates.
2026-04-06 03:10:00+00:00,AVAX,trigger_discarded,pipeline_busy_or_global_cooldown,2.043174499129291,,,,,,,
2026-04-06 03:10:00+00:00,BCH,trigger_discarded,pipeline_busy_or_global_cooldown,2.094795366962425,,,,,,,
2026-04-06 03:19:00+00:00,CC,trigger_discarded,pipeline_busy_or_global_cooldown,3.86603171930052,,,,,,,
2026-04-06 03:20:00+00:00,FARTCOIN,trigger_discarded,pipeline_busy_or_global_cooldown,2.6299929232832846,,,,,,,
2026-04-06 03:23:00+00:00,CC,trigger_discarded,pipeline_busy_or_global_cooldown,2.9991616754889217,,,,,,,
2026-04-06 03:24:00+00:00,BTC,trigger_discarded,pipeline_busy_or_global_cooldown,2.2462893100423242,,,,,,,
2026-04-06 03:30:00+00:00,AVAX,trigger_discarded,pipeline_busy_or_global_cooldown,2.285699243061083,,,,,,,
2026-04-06 03:37:00+00:00,FARTCOIN,trigger_admitted,z_score,2.0615905142943847,0.47371416063765237,long,0.7596700732710813,True,,Triggered by z_score; z=2.062; abs_return=0.00265; CBD omega=0.474; rho_cb=0.917; deterministic proxy decision.,Approved by deterministic hard gates.
2026-04-06 03:37:00+00:00,SOL,trigger_discarded,pipeline_busy_or_global_cooldown,3.059048013763849,,,,,,,
2026-04-06 03:40:00+00:00,ETH,trigger_discarded,pipeline_busy_or_global_cooldown,2.3445415943028145,,,,,,,
2026-04-06 03:41:00+00:00,XPL,trigger_discarded,pipeline_busy_or_global_cooldown,2.9588123913549533,,,,,,,
2026-04-06 03:44:00+00:00,AVAX,trigger_discarded,pipeline_busy_or_global_cooldown,2.529045637014425,,,,,,,
2026-04-06 03:46:00+00:00,BTC,trigger_discarded,pipeline_busy_or_global_cooldown,3.754962534843507,,,,,,,
2026-04-06 03:47:00+00:00,BCH,trigger_discarded,pipeline_busy_or_global_cooldown,3.0431785447439226,,,,,,,
2026-04-06 03:50:00+00:00,CC,trigger_discarded,pipeline_busy_or_global_cooldown,2.4172515867389985,,,,,,,
2026-04-06 03:55:00+00:00,ETH,trigger_discarded,pipeline_busy_or_global_cooldown,2.2841388686793564,,,,,,,
2026-04-06 03:56:00+00:00,BCH,trigger_discarded,pipeline_busy_or_global_cooldown,2.9557128862016087,,,,,,,
2026-04-06 03:56:00+00:00,BTC,trigger_discarded,pipeline_busy_or_global_cooldown,2.417576493012175,,,,,,,
2026-04-06 04:00:00+00:00,ETH,trigger_discarded,pipeline_busy_or_global_cooldown,2.0548054629800094,,,,,,,
2026-04-06 04:01:00+00:00,XPL,trigger_discarded,pipeline_busy_or_global_cooldown,3.6940930504014258,,,,,,,
2026-04-06 04:04:00+00:00,BCH,trigger_discarded,pipeline_busy_or_global_cooldown,2.220983519056617,,,,,,,
2026-04-06 04:05:00+00:00,CC,trigger_discarded,pipeline_busy_or_global_cooldown,3.144794402984064,,,,,,,
2026-04-06 04:08:00+00:00,BCH,trigger_admitted,z_score,2.1174066483320684,0.28494788875733595,long,0.7263821096180326,True,,Triggered by z_score; z=2.117; abs_return=0.00210; CBD omega=0.285; rho_cb=0.513; deterministic proxy decision.,Approved by deterministic hard gates.
2026-04-06 04:08:00+00:00,BTC,trigger_discarded,pipeline_busy_or_global_cooldown,2.7936505686276596,,,,,,,
2026-04-06 04:08:00+00:00,SOL,trigger_discarded,pipeline_busy_or_global_cooldown,2.5931997090951753,,,,,,,
2026-04-06 04:13:00+00:00,FARTCOIN,trigger_discarded,pipeline_busy_or_global_cooldown,2.078294937393769,,,,,,,
2026-04-06 04:20:00+00:00,FARTCOIN,trigger_discarded,pipeline_busy_or_global_cooldown,2.012359786585407,,,,,,,
2026-04-06 04:20:00+00:00,SOL,trigger_discarded,pipeline_busy_or_global_cooldown,3.126522002774736,,,,,,,
2026-04-06 04:23:00+00:00,ETH,trigger_discarded,pipeline_busy_or_global_cooldown,2.674550533278248,,,,,,,
2026-04-06 04:25:00+00:00,AVAX,trigger_discarded,pipeline_busy_or_global_cooldown,2.276979926391364,,,,,,,
2026-04-06 04:25:00+00:00,ETH,trigger_discarded,pipeline_busy_or_global_cooldown,2.170466051164598,,,,,,,
2026-04-06 04:26:00+00:00,XPL,trigger_discarded,pipeline_busy_or_global_cooldown,2.1146677564017327,,,,,,,
2026-04-06 04:33:00+00:00,AVAX,trigger_discarded,pipeline_busy_or_global_cooldown,2.053288048545025,,,,,,,
2026-04-06 04:33:00+00:00,CC,trigger_discarded,pipeline_busy_or_global_cooldown,2.7656171970838908,,,,,,,
2026-04-06 04:35:00+00:00,SOL,trigger_discarded,pipeline_busy_or_global_cooldown,2.810109456792482,,,,,,,
2026-04-06 04:37:00+00:00,XPL,trigger_discarded,pipeline_busy_or_global_cooldown,2.154982453569436,,,,,,,
2026-04-06 04:38:00+00:00,CC,trigger_admitted,z_score_and_abs_return_floor,4.669618649920067,0.7329111391313777,short,1.0,True,,Triggered by z_score_and_abs_return_floor; z=4.670; abs_return=0.00345; CBD omega=0.733; rho_cb=0.729; deterministic proxy decision.,Approved by deterministic hard gates.
2026-04-06 04:41:00+00:00,BTC,trigger_discarded,pipeline_busy_or_global_cooldown,2.084793218020343,,,,,,,
2026-04-06 04:41:00+00:00,ETH,trigger_discarded,pipeline_busy_or_global_cooldown,2.1271842159510372,,,,,,,
2026-04-06 04:50:00+00:00,XPL,trigger_discarded,pipeline_busy_or_global_cooldown,2.0942268499795413,,,,,,,
2026-04-06 04:53:00+00:00,BTC,trigger_discarded,pipeline_busy_or_global_cooldown,3.4776808171284808,,,,,,,
2026-04-06 04:53:00+00:00,ETH,trigger_discarded,pipeline_busy_or_global_cooldown,2.7339274625476357,,,,,,,
2026-04-06 04:53:00+00:00,FARTCOIN,trigger_discarded,pipeline_busy_or_global_cooldown,4.23710538969265,,,,,,,
2026-04-06 04:54:00+00:00,AVAX,trigger_discarded,pipeline_busy_or_global_cooldown,3.3520785710901833,,,,,,,
2026-04-06 04:56:00+00:00,AVAX,trigger_discarded,pipeline_busy_or_global_cooldown,2.9305439599325616,,,,,,,
2026-04-06 04:59:00+00:00,FARTCOIN,trigger_discarded,pipeline_busy_or_global_cooldown,2.064291762400086,,,,,,,
2026-04-06 05:12:00+00:00,XPL,trigger_admitted,z_score,3.583260772496596,0.6707454283337831,short,0.9208099474664844,True,,Triggered by z_score; z=3.583; abs_return=0.00286; CBD omega=0.671; rho_cb=0.795; deterministic proxy decision.,Approved by deterministic hard gates.
2026-04-06 05:13:00+00:00,XPL,trigger_discarded,pipeline_busy_or_global_cooldown,2.4320730183269395,,,,,,,
2026-04-06 05:15:00+00:00,CC,trigger_discarded,pipeline_busy_or_global_cooldown,2.9866256739870765,,,,,,,
2026-04-06 05:24:00+00:00,BCH,trigger_discarded,pipeline_busy_or_global_cooldown,2.9798697236550424,,,,,,,
2026-04-06 05:26:00+00:00,BCH,trigger_discarded,pipeline_busy_or_global_cooldown,3.16916533662086,,,,,,,
2026-04-06 05:26:00+00:00,ETH,trigger_discarded,pipeline_busy_or_global_cooldown,2.3768659966109946,,,,,,,
2026-04-06 05:29:00+00:00,BCH,trigger_discarded,pipeline_busy_or_global_cooldown,2.669678285233507,,,,,,,
2026-04-06 05:29:00+00:00,ETH,trigger_discarded,pipeline_busy_or_global_cooldown,2.535357924716878,,,,,,,
2026-04-06 05:30:00+00:00,BCH,trigger_discarded,pipeline_busy_or_global_cooldown,2.484019274548427,,,,,,,
2026-04-06 05:31:00+00:00,CC,trigger_discarded,pipeline_busy_or_global_cooldown,3.7454659416425278,,,,,,,
2026-04-06 05:35:00+00:00,FARTCOIN,trigger_discarded,pipeline_busy_or_global_cooldown,2.3958967798936555,,,,,,,
2026-04-06 05:35:00+00:00,SOL,trigger_discarded,pipeline_busy_or_global_cooldown,2.3554244685179593,,,,,,,
2026-04-06 05:37:00+00:00,SOL,trigger_discarded,pipeline_busy_or_global_cooldown,2.784627177486313,,,,,,,
2026-04-06 05:40:00+00:00,BTC,trigger_discarded,pipeline_busy_or_global_cooldown,3.009193200942317,,,,,,,
2026-04-06 05:40:00+00:00,FARTCOIN,trigger_discarded,pipeline_busy_or_global_cooldown,2.7034781100109853,,,,,,,
2026-04-06 05:42:00+00:00,AVAX,trigger_admitted,z_score,2.76882205370745,0.5528878958804686,long,0.8320833434726898,True,,Triggered by z_score; z=2.769; abs_return=0.00231; CBD omega=0.553; rho_cb=0.787; deterministic proxy decision.,Approved by deterministic hard gates.
2026-04-06 05:42:00+00:00,ETH,trigger_discarded,pipeline_busy_or_global_cooldown,2.1033388894992275,,,,,,,
2026-04-06 05:44:00+00:00,AVAX,trigger_discarded,pipeline_busy_or_global_cooldown,2.131865784756445,,,,,,,
2026-04-06 05:44:00+00:00,FARTCOIN,trigger_discarded,pipeline_busy_or_global_cooldown,2.411858695319044,,,,,,,
2026-04-06 05:44:00+00:00,XPL,trigger_discarded,pipeline_busy_or_global_cooldown,3.242657371483448,,,,,,,
2026-04-06 05:45:00+00:00,BCH,trigger_discarded,pipeline_busy_or_global_cooldown,2.7063625469896917,,,,,,,
2026-04-06 05:45:00+00:00,BTC,trigger_discarded,pipeline_busy_or_global_cooldown,2.1764341868392933,,,,,,,
2026-04-06 05:48:00+00:00,AVAX,trigger_discarded,pipeline_busy_or_global_cooldown,4.039771750224402,,,,,,,
2026-04-06 05:48:00+00:00,SOL,trigger_discarded,pipeline_busy_or_global_cooldown,2.1529840949269903,,,,,,,
2026-04-06 05:57:00+00:00,XPL,trigger_discarded,pipeline_busy_or_global_cooldown,2.4755693384465354,,,,,,,
2026-04-06 05:58:00+00:00,FARTCOIN,trigger_discarded,pipeline_busy_or_global_cooldown,2.2625314248720856,,,,,,,
2026-04-06 06:05:00+00:00,CC,trigger_discarded,pipeline_busy_or_global_cooldown,4.489199850884744,,,,,,,
2026-04-06 06:14:00+00:00,XPL,trigger_admitted,z_score,2.0387120511101204,0.33165923333181746,short,0.7294288107551731,True,,Triggered by z_score; z=2.039; abs_return=0.00242; CBD omega=0.332; rho_cb=0.644; deterministic proxy decision.,Approved by deterministic hard gates.
2026-04-06 06:15:00+00:00,BCH,trigger_discarded,pipeline_busy_or_global_cooldown,4.927920478059807,,,,,,,
2026-04-06 06:15:00+00:00,BTC,trigger_discarded,pipeline_busy_or_global_cooldown,3.184832460228063,,,,,,,
2026-04-06 06:15:00+00:00,FARTCOIN,trigger_discarded,pipeline_busy_or_global_cooldown,2.232935841653476,,,,,,,
2026-04-06 06:17:00+00:00,BTC,trigger_discarded,pipeline_busy_or_global_cooldown,2.3727231125181074,,,,,,,
2026-04-06 06:17:00+00:00,SOL,trigger_discarded,pipeline_busy_or_global_cooldown,2.0852348409332637,,,,,,,
2026-04-06 06:20:00+00:00,ETH,trigger_discarded,pipeline_busy_or_global_cooldown,2.625988451777709,,,,,,,
2026-04-06 06:24:00+00:00,ETH,trigger_discarded,pipeline_busy_or_global_cooldown,2.0654227066704807,,,,,,,
2026-04-06 06:25:00+00:00,SOL,trigger_discarded,pipeline_busy_or_global_cooldown,4.166551958401879,,,,,,,
2026-04-06 06:25:00+00:00,XPL,trigger_discarded,pipeline_busy_or_global_cooldown,2.2456801328987503,,,,,,,
2026-04-06 06:30:00+00:00,BTC,trigger_discarded,pipeline_busy_or_global_cooldown,2.3493571919213987,,,,,,,
2026-04-06 06:33:00+00:00,AVAX,trigger_discarded,pipeline_busy_or_global_cooldown,2.3160832897350376,,,,,,,
2026-04-06 06:38:00+00:00,AVAX,trigger_discarded,pipeline_busy_or_global_cooldown,3.03206172383529,,,,,,,
2026-04-06 06:40:00+00:00,FARTCOIN,trigger_discarded,pipeline_busy_or_global_cooldown,4.330459617757887,,,,,,,
2026-04-06 06:44:00+00:00,XPL,trigger_admitted,z_score_and_abs_return_floor,2.5569021022867022,0.41523380304293783,short,0.7875989287915237,True,,Triggered by z_score_and_abs_return_floor; z=2.557; abs_return=0.00312; CBD omega=0.415; rho_cb=0.587; deterministic proxy decision.,Approved by deterministic hard gates.
2026-04-06 06:45:00+00:00,ETH,trigger_discarded,pipeline_busy_or_global_cooldown,2.0100656484759556,,,,,,,
2026-04-06 06:48:00+00:00,BTC,trigger_discarded,pipeline_busy_or_global_cooldown,2.2878260344130887,,,,,,,
2026-04-06 06:48:00+00:00,SOL,trigger_discarded,pipeline_busy_or_global_cooldown,2.0282692240813067,,,,,,,
2026-04-06 06:50:00+00:00,BCH,trigger_discarded,pipeline_busy_or_global_cooldown,3.5977204817204993,,,,,,,
2026-04-06 06:51:00+00:00,AVAX,trigger_discarded,pipeline_busy_or_global_cooldown,5.192682928073578,,,,,,,
2026-04-06 06:51:00+00:00,BTC,trigger_discarded,pipeline_busy_or_global_cooldown,2.5786834647659584,,,,,,,
2026-04-06 06:55:00+00:00,XPL,trigger_discarded,pipeline_busy_or_global_cooldown,2.1128605733727617,,,,,,,
2026-04-06 06:59:00+00:00,BCH,trigger_discarded,pipeline_busy_or_global_cooldown,2.0425984010441205,,,,,,,
2026-04-06 07:02:00+00:00,CC,trigger_discarded,pipeline_busy_or_global_cooldown,2.087776125867183,,,,,,,
2026-04-06 07:04:00+00:00,FARTCOIN,trigger_discarded,pipeline_busy_or_global_cooldown,2.8085099965114284,,,,,,,
2026-04-06 07:11:00+00:00,CC,trigger_discarded,pipeline_busy_or_global_cooldown,2.023636097492001,,,,,,,
2026-04-06 07:13:00+00:00,ETH,trigger_discarded,pipeline_busy_or_global_cooldown,2.415999158517287,,,,,,,
2026-04-06 07:19:00+00:00,AVAX,trigger_admitted,z_score,3.0804740234140633,0.33507647100916904,long,0.8134532160749589,True,,Triggered by z_score; z=3.080; abs_return=0.00283; CBD omega=0.335; rho_cb=0.253; deterministic proxy decision.,Approved by deterministic hard gates.
2026-04-06 07:21:00+00:00,CC,trigger_discarded,pipeline_busy_or_global_cooldown,2.7406563449465255,,,,,,,
2026-04-06 07:23:00+00:00,BCH,trigger_discarded,pipeline_busy_or_global_cooldown,3.025663587298427,,,,,,,
2026-04-06 07:24:00+00:00,BCH,trigger_discarded,pipeline_busy_or_global_cooldown,2.190421586976961,,,,,,,
2026-04-06 07:24:00+00:00,ETH,trigger_discarded,pipeline_busy_or_global_cooldown,2.0964325930539016,,,,,,,
2026-04-06 07:25:00+00:00,CC,trigger_discarded,pipeline_busy_or_global_cooldown,3.758132299957294,,,,,,,
2026-04-06 07:29:00+00:00,AVAX,trigger_discarded,pipeline_busy_or_global_cooldown,2.1588304542256065,,,,,,,
2026-04-06 07:32:00+00:00,BTC,trigger_discarded,pipeline_busy_or_global_cooldown,2.4372990923312132,,,,,,,
2026-04-06 07:33:00+00:00,BTC,trigger_discarded,pipeline_busy_or_global_cooldown,2.3832157169625914,,,,,,,
2026-04-06 07:43:00+00:00,AVAX,trigger_discarded,pipeline_busy_or_global_cooldown,2.664230864985385,,,,,,,
2026-04-06 07:43:00+00:00,BTC,trigger_discarded,pipeline_busy_or_global_cooldown,2.241729674082268,,,,,,,
2026-04-06 07:43:00+00:00,SOL,trigger_discarded,pipeline_busy_or_global_cooldown,3.863869506678455,,,,,,,
2026-04-06 07:49:00+00:00,AVAX,trigger_admitted,z_score_and_abs_return_floor,3.212010396425525,0.5540399143202426,short,0.8677688145780904,True,,Triggered by z_score_and_abs_return_floor; z=3.212; abs_return=0.00337; CBD omega=0.554; rho_cb=0.654; deterministic proxy decision.,Approved by deterministic hard gates.
2026-04-06 07:50:00+00:00,FARTCOIN,trigger_discarded,pipeline_busy_or_global_cooldown,4.734177059594238,,,,,,,
2026-04-06 07:50:00+00:00,XPL,trigger_discarded,pipeline_busy_or_global_cooldown,2.682120513107411,,,,,,,
2026-04-06 07:53:00+00:00,ETH,trigger_discarded,pipeline_busy_or_global_cooldown,4.198053033501345,,,,,,,
2026-04-06 07:54:00+00:00,SOL,trigger_discarded,pipeline_busy_or_global_cooldown,2.308288918098006,,,,,,,
2026-04-06 07:55:00+00:00,BCH,trigger_discarded,pipeline_busy_or_global_cooldown,3.175349812031324,,,,,,,
2026-04-06 07:55:00+00:00,ETH,trigger_discarded,pipeline_busy_or_global_cooldown,4.303719886220586,,,,,,,
2026-04-06 07:58:00+00:00,CC,trigger_discarded,pipeline_busy_or_global_cooldown,2.7372378627588314,,,,,,,
2026-04-06 07:59:00+00:00,BTC,trigger_discarded,pipeline_busy_or_global_cooldown,2.8793715070443904,,,,,,,
2026-04-06 08:01:00+00:00,XPL,trigger_discarded,pipeline_busy_or_global_cooldown,2.4100120014694077,,,,,,,
2026-04-06 08:05:00+00:00,XPL,trigger_discarded,pipeline_busy_or_global_cooldown,2.2013579319369923,,,,,,,
2026-04-06 08:16:00+00:00,BTC,trigger_discarded,pipeline_busy_or_global_cooldown,2.005615198742292,,,,,,,
2026-04-06 08:17:00+00:00,CC,trigger_discarded,pipeline_busy_or_global_cooldown,4.29459593603313,,,,,,,
2026-04-06 08:18:00+00:00,BCH,trigger_discarded,pipeline_busy_or_global_cooldown,2.246177686149505,,,,,,,
2026-04-06 08:18:00+00:00,BTC,trigger_discarded,pipeline_busy_or_global_cooldown,2.319115210476245,,,,,,,
2026-04-06 08:20:00+00:00,AVAX,trigger_admitted,z_score,2.187186908155386,0.18810334286292213,long,0.7125956212250153,True,,Triggered by z_score; z=2.187; abs_return=0.00214; CBD omega=0.188; rho_cb=0.287; deterministic proxy decision.,Approved by deterministic hard gates.
2026-04-06 08:21:00+00:00,CC,trigger_discarded,pipeline_busy_or_global_cooldown,2.295409450940531,,,,,,,
2026-04-06 08:21:00+00:00,SOL,trigger_discarded,pipeline_busy_or_global_cooldown,2.6277962813829125,,,,,,,
2026-04-06 08:23:00+00:00,ETH,trigger_discarded,pipeline_busy_or_global_cooldown,2.4252342700776195,,,,,,,
2026-04-06 08:24:00+00:00,BTC,trigger_discarded,pipeline_busy_or_global_cooldown,3.385792429944597,,,,,,,
2026-04-06 08:26:00+00:00,AVAX,trigger_discarded,pipeline_busy_or_global_cooldown,2.3507428514798696,,,,,,,
2026-04-06 08:26:00+00:00,BTC,trigger_discarded,pipeline_busy_or_global_cooldown,2.057358206320847,,,,,,,
2026-04-06 08:28:00+00:00,XPL,trigger_discarded,pipeline_busy_or_global_cooldown,2.8653441567090012,,,,,,,
2026-04-06 08:30:00+00:00,SOL,trigger_discarded,pipeline_busy_or_global_cooldown,3.33435162774748,,,,,,,
2026-04-06 08:30:00+00:00,XPL,trigger_discarded,pipeline_busy_or_global_cooldown,4.020472855247356,,,,,,,
2026-04-06 08:31:00+00:00,CC,trigger_discarded,pipeline_busy_or_global_cooldown,2.3543235656876615,,,,,,,
2026-04-06 08:32:00+00:00,CC,trigger_discarded,pipeline_busy_or_global_cooldown,2.3364467648726523,,,,,,,
2026-04-06 08:33:00+00:00,CC,trigger_discarded,pipeline_busy_or_global_cooldown,4.122471509015615,,,,,,,
2026-04-06 08:34:00+00:00,CC,trigger_discarded,pipeline_busy_or_global_cooldown,4.782481712611472,,,,,,,
2026-04-06 08:35:00+00:00,CC,trigger_discarded,pipeline_busy_or_global_cooldown,3.4440735292946383,,,,,,,
2026-04-06 08:36:00+00:00,CC,trigger_discarded,pipeline_busy_or_global_cooldown,1.526844971859975,,,,,,,
2026-04-06 08:36:00+00:00,XPL,trigger_discarded,pipeline_busy_or_global_cooldown,2.0785521308516244,,,,,,,
2026-04-06 08:37:00+00:00,CC,trigger_discarded,pipeline_busy_or_global_cooldown,1.2276515819878049,,,,,,,
2026-04-06 08:37:00+00:00,SOL,trigger_discarded,pipeline_busy_or_global_cooldown,2.2371439646076463,,,,,,,
2026-04-06 08:38:00+00:00,BCH,trigger_discarded,pipeline_busy_or_global_cooldown,2.184752093684026,,,,,,,
2026-04-06 08:38:00+00:00,CC,trigger_discarded,pipeline_busy_or_global_cooldown,3.138027163034036,,,,,,,
2026-04-06 08:38:00+00:00,XPL,trigger_discarded,pipeline_busy_or_global_cooldown,2.7599053629188464,,,,,,,
2026-04-06 08:46:00+00:00,SOL,trigger_discarded,pipeline_busy_or_global_cooldown,2.2586200583429505,,,,,,,
2026-04-06 08:47:00+00:00,FARTCOIN,trigger_discarded,pipeline_busy_or_global_cooldown,3.74290540978933,,,,,,,
2026-04-06 08:49:00+00:00,BCH,trigger_discarded,pipeline_busy_or_global_cooldown,3.5825208947365987,,,,,,,
2026-04-06 08:54:00+00:00,ETH,trigger_admitted,z_score,2.040871992493078,0.47314383382877995,short,0.7578985261652023,True,,Triggered by z_score; z=2.041; abs_return=0.00214; CBD omega=0.473; rho_cb=0.926; deterministic proxy decision.,Approved by deterministic hard gates.
2026-04-06 08:56:00+00:00,ETH,trigger_discarded,pipeline_busy_or_global_cooldown,2.0027772026466435,,,,,,,
2026-04-06 08:58:00+00:00,AVAX,trigger_discarded,pipeline_busy_or_global_cooldown,2.789502385679531,,,,,,,
2026-04-06 08:58:00+00:00,BTC,trigger_discarded,pipeline_busy_or_global_cooldown,3.2990492119339003,,,,,,,
2026-04-06 08:59:00+00:00,CC,trigger_discarded,pipeline_busy_or_global_cooldown,0.7257919721457371,,,,,,,
2026-04-06 09:03:00+00:00,SOL,trigger_discarded,pipeline_busy_or_global_cooldown,2.6319586962770543,,,,,,,
2026-04-06 09:04:00+00:00,BCH,trigger_discarded,pipeline_busy_or_global_cooldown,2.9927477953203896,,,,,,,
2026-04-06 09:04:00+00:00,FARTCOIN,trigger_discarded,pipeline_busy_or_global_cooldown,2.183788262325019,,,,,,,
2026-04-06 09:11:00+00:00,FARTCOIN,trigger_discarded,pipeline_busy_or_global_cooldown,2.102531754415185,,,,,,,
2026-04-06 09:13:00+00:00,BTC,trigger_discarded,pipeline_busy_or_global_cooldown,2.3000956856121144,,,,,,,
2026-04-06 09:13:00+00:00,ETH,trigger_discarded,pipeline_busy_or_global_cooldown,2.3013282380691162,,,,,,,
2026-04-06 09:21:00+00:00,FARTCOIN,trigger_discarded,pipeline_busy_or_global_cooldown,3.882674033494806,,,,,,,
2026-04-06 09:22:00+00:00,XPL,trigger_discarded,pipeline_busy_or_global_cooldown,2.570633036167305,,,,,,,
2026-04-06 09:30:00+00:00,AVAX,trigger_admitted,z_score,2.266237524333499,0.43093764571084964,short,0.7674865310888499,True,,Triggered by z_score; z=2.266; abs_return=0.00185; CBD omega=0.431; rho_cb=0.737; deterministic proxy decision.,Approved by deterministic hard gates.
2026-04-06 09:30:00+00:00,ETH,trigger_discarded,pipeline_busy_or_global_cooldown,2.5385047006560093,,,,,,,
2026-04-06 09:31:00+00:00,CC,trigger_discarded,pipeline_busy_or_global_cooldown,3.1759164076563913,,,,,,,
2026-04-06 09:38:00+00:00,AVAX,trigger_discarded,pipeline_busy_or_global_cooldown,2.780281565284856,,,,,,,
2026-04-06 09:40:00+00:00,BTC,trigger_discarded,pipeline_busy_or_global_cooldown,3.436088525187385,,,,,,,
2026-04-06 09:40:00+00:00,SOL,trigger_discarded,pipeline_busy_or_global_cooldown,4.7294253588098805,,,,,,,
2026-04-06 09:41:00+00:00,SOL,trigger_discarded,pipeline_busy_or_global_cooldown,2.187060058208507,,,,,,,
2026-04-06 09:44:00+00:00,SOL,trigger_discarded,pipeline_busy_or_global_cooldown,2.567713025848073,,,,,,,
2026-04-06 09:45:00+00:00,BTC,trigger_discarded,pipeline_busy_or_global_cooldown,2.333070861538392,,,,,,,
2026-04-06 09:45:00+00:00,SOL,trigger_discarded,pipeline_busy_or_global_cooldown,2.44158425631996,,,,,,,
2026-04-06 09:46:00+00:00,BCH,trigger_discarded,pipeline_busy_or_global_cooldown,2.5449903122763557,,,,,,,
2026-04-06 09:46:00+00:00,SOL,trigger_discarded,pipeline_busy_or_global_cooldown,2.1359151911866348,,,,,,,
2026-04-06 09:47:00+00:00,ETH,trigger_discarded,pipeline_busy_or_global_cooldown,3.7804065985309205,,,,,,,
2026-04-06 09:49:00+00:00,XPL,trigger_discarded,pipeline_busy_or_global_cooldown,2.2999741936385742,,,,,,,
2026-04-06 09:52:00+00:00,AVAX,trigger_discarded,pipeline_busy_or_global_cooldown,2.5257730587452505,,,,,,,
2026-04-06 09:52:00+00:00,BCH,trigger_discarded,pipeline_busy_or_global_cooldown,2.9454730251085746,,,,,,,
2026-04-06 09:54:00+00:00,AVAX,trigger_discarded,pipeline_busy_or_global_cooldown,2.4873536589296905,,,,,,,
2026-04-06 10:02:00+00:00,ETH,trigger_admitted,z_score,2.8594839263066034,0.30905592048556596,long,0.7905698982016415,True,,Triggered by z_score; z=2.859; abs_return=0.00249; CBD omega=0.309; rho_cb=0.269; deterministic proxy decision.,Approved by deterministic hard gates.
2026-04-06 10:02:00+00:00,FARTCOIN,trigger_discarded,pipeline_busy_or_global_cooldown,4.308854385024614,,,,,,,
2026-04-06 10:10:00+00:00,CC,trigger_discarded,pipeline_busy_or_global_cooldown,4.188187162326807,,,,,,,
2026-04-06 10:13:00+00:00,ETH,trigger_discarded,pipeline_busy_or_global_cooldown,3.061802720792551,,,,,,,
2026-04-06 10:15:00+00:00,AVAX,trigger_discarded,pipeline_busy_or_global_cooldown,2.4802395974796045,,,,,,,
2026-04-06 10:17:00+00:00,FARTCOIN,trigger_discarded,pipeline_busy_or_global_cooldown,2.2687661755459234,,,,,,,
2026-04-06 10:22:00+00:00,XPL,trigger_discarded,pipeline_busy_or_global_cooldown,2.3115116503665876,,,,,,,
2026-04-06 10:25:00+00:00,CC,trigger_discarded,pipeline_busy_or_global_cooldown,2.0424167053952313,,,,,,,
2026-04-06 10:29:00+00:00,AVAX,trigger_discarded,pipeline_busy_or_global_cooldown,2.506014771132025,,,,,,,
2026-04-06 10:29:00+00:00,BCH,trigger_discarded,pipeline_busy_or_global_cooldown,2.8171233717287008,,,,,,,
2026-04-06 10:29:00+00:00,BTC,trigger_discarded,pipeline_busy_or_global_cooldown,3.630322292202414,,,,,,,
2026-04-06 10:31:00+00:00,BCH,trigger_discarded,pipeline_busy_or_global_cooldown,2.613955010661673,,,,,,,
2026-04-06 10:31:00+00:00,BTC,trigger_discarded,pipeline_busy_or_global_cooldown,3.2490520664641096,,,,,,,
2026-04-06 10:31:00+00:00,XPL,trigger_discarded,pipeline_busy_or_global_cooldown,2.2227747320062456,,,,,,,
2026-04-06 10:35:00+00:00,AVAX,trigger_admitted,z_score,2.091101657309611,0.37745810518112094,short,0.742779753620993,True,,Triggered by z_score; z=2.091; abs_return=0.00208; CBD omega=0.377; rho_cb=0.710; deterministic proxy decision.,Approved by deterministic hard gates.
2026-04-06 10:36:00+00:00,CC,trigger_discarded,pipeline_busy_or_global_cooldown,2.3809814721546623,,,,,,,
2026-04-06 10:47:00+00:00,SOL,trigger_discarded,pipeline_busy_or_global_cooldown,3.989848736243465,,,,,,,
2026-04-06 10:50:00+00:00,AVAX,trigger_discarded,pipeline_busy_or_global_cooldown,2.0453556017492263,,,,,,,
2026-04-06 10:51:00+00:00,AVAX,trigger_discarded,pipeline_busy_or_global_cooldown,2.7157179174698927,,,,,,,
2026-04-06 10:59:00+00:00,XPL,trigger_discarded,pipeline_busy_or_global_cooldown,3.132212169305557,,,,,,,
2026-04-06 11:00:00+00:00,AVAX,trigger_discarded,pipeline_busy_or_global_cooldown,2.756957760126039,,,,,,,
2026-04-06 11:02:00+00:00,BCH,trigger_discarded,pipeline_busy_or_global_cooldown,2.586410454957671,,,,,,,
2026-04-06 11:09:00+00:00,BCH,trigger_admitted,z_score,2.4466666284052665,0.3587932676187425,short,0.7674919837961698,True,,Triggered by z_score; z=2.447; abs_return=0.00238; CBD omega=0.359; rho_cb=0.517; deterministic proxy decision.,Approved by deterministic hard gates.
2026-04-06 11:09:00+00:00,BTC,trigger_discarded,pipeline_busy_or_global_cooldown,2.7578480057424404,,,,,,,
2026-04-06 11:09:00+00:00,SOL,trigger_discarded,pipeline_busy_or_global_cooldown,2.9960198545790364,,,,,,,
2026-04-06 11:12:00+00:00,FARTCOIN,trigger_discarded,pipeline_busy_or_global_cooldown,3.8700100473938424,,,,,,,
2026-04-06 11:12:00+00:00,SOL,trigger_discarded,pipeline_busy_or_global_cooldown,2.12131552677494,,,,,,,
2026-04-06 11:16:00+00:00,BTC,trigger_discarded,pipeline_busy_or_global_cooldown,2.345735619807745,,,,,,,
2026-04-06 11:17:00+00:00,FARTCOIN,trigger_discarded,pipeline_busy_or_global_cooldown,2.6552004261556466,,,,,,,
2026-04-06 11:18:00+00:00,CC,trigger_discarded,pipeline_busy_or_global_cooldown,2.227896540297541,,,,,,,
2026-04-06 11:26:00+00:00,ETH,trigger_discarded,pipeline_busy_or_global_cooldown,4.011520709815847,,,,,,,
2026-04-06 11:29:00+00:00,CC,trigger_discarded,pipeline_busy_or_global_cooldown,2.069061948122378,,,,,,,
2026-04-06 11:31:00+00:00,ETH,trigger_discarded,pipeline_busy_or_global_cooldown,2.2946686945789874,,,,,,,
2026-04-06 11:33:00+00:00,BTC,trigger_discarded,pipeline_busy_or_global_cooldown,2.332207458671385,,,,,,,
2026-04-06 11:33:00+00:00,SOL,trigger_discarded,pipeline_busy_or_global_cooldown,2.184968855001254,,,,,,,
2026-04-06 11:34:00+00:00,BCH,trigger_discarded,pipeline_busy_or_global_cooldown,2.256892571613728,,,,,,,
2026-04-06 11:34:00+00:00,CC,trigger_discarded,pipeline_busy_or_global_cooldown,2.6061107582740233,,,,,,,
2026-04-06 11:34:00+00:00,SOL,trigger_discarded,pipeline_busy_or_global_cooldown,2.489463832029913,,,,,,,
2026-04-06 11:36:00+00:00,AVAX,trigger_discarded,pipeline_busy_or_global_cooldown,2.6600882480244334,,,,,,,
2026-04-06 11:36:00+00:00,BCH,trigger_discarded,pipeline_busy_or_global_cooldown,5.126688478294648,,,,,,,
2026-04-06 11:36:00+00:00,BTC,trigger_discarded,pipeline_busy_or_global_cooldown,2.3005169045292555,,,,,,,
2026-04-06 11:40:00+00:00,SOL,trigger_admitted,z_score,2.789382813599842,0.27430540217096444,long,0.7780117055221802,True,,Triggered by z_score; z=2.789; abs_return=0.00251; CBD omega=0.274; rho_cb=0.222; deterministic proxy decision.,Approved by deterministic hard gates.
2026-04-06 11:42:00+00:00,ETH,trigger_discarded,pipeline_busy_or_global_cooldown,2.0387577835820383,,,,,,,
2026-04-06 11:43:00+00:00,AVAX,trigger_discarded,pipeline_busy_or_global_cooldown,2.4759556322732696,,,,,,,
2026-04-06 11:44:00+00:00,CC,trigger_discarded,pipeline_busy_or_global_cooldown,3.211785717290963,,,,,,,
2026-04-06 11:44:00+00:00,SOL,trigger_discarded,pipeline_busy_or_global_cooldown,2.5087133224421874,,,,,,,
2026-04-06 11:45:00+00:00,XPL,trigger_discarded,pipeline_busy_or_global_cooldown,3.329173799027279,,,,,,,
2026-04-06 11:54:00+00:00,CC,trigger_discarded,pipeline_busy_or_global_cooldown,2.519759473896589,,,,,,,
2026-04-06 11:54:00+00:00,XPL,trigger_discarded,pipeline_busy_or_global_cooldown,2.4846759527173243,,,,,,,
2026-04-06 11:55:00+00:00,FARTCOIN,trigger_discarded,pipeline_busy_or_global_cooldown,4.671794563628489,,,,,,,
2026-04-06 11:56:00+00:00,AVAX,trigger_discarded,pipeline_busy_or_global_cooldown,2.4602531503969662,,,,,,,
2026-04-06 11:57:00+00:00,FARTCOIN,trigger_discarded,pipeline_busy_or_global_cooldown,2.0808827771297675,,,,,,,
2026-04-06 12:00:00+00:00,AVAX,trigger_discarded,pipeline_busy_or_global_cooldown,3.3051715993096042,,,,,,,
2026-04-06 12:00:00+00:00,BCH,trigger_discarded,pipeline_busy_or_global_cooldown,3.0457826980264655,,,,,,,
2026-04-06 12:00:00+00:00,BTC,trigger_discarded,pipeline_busy_or_global_cooldown,8.739880964450924,,,,,,,
2026-04-06 12:00:00+00:00,CC,trigger_discarded,pipeline_busy_or_global_cooldown,2.241757740109368,,,,,,,
2026-04-06 12:00:00+00:00,ETH,trigger_discarded,pipeline_busy_or_global_cooldown,5.901078396425482,,,,,,,
2026-04-06 12:01:00+00:00,AVAX,trigger_discarded,pipeline_busy_or_global_cooldown,4.422423930791874,,,,,,,
2026-04-06 12:01:00+00:00,BTC,trigger_discarded,pipeline_busy_or_global_cooldown,3.3630624571204186,,,,,,,
2026-04-06 12:01:00+00:00,ETH,trigger_discarded,pipeline_busy_or_global_cooldown,3.4532717393300514,,,,,,,
2026-04-06 12:01:00+00:00,SOL,trigger_discarded,pipeline_busy_or_global_cooldown,3.8365160701709415,,,,,,,
2026-04-06 12:02:00+00:00,AVAX,trigger_discarded,pipeline_busy_or_global_cooldown,5.785259375644747,,,,,,,
2026-04-06 12:02:00+00:00,BCH,trigger_discarded,pipeline_busy_or_global_cooldown,4.559461057501532,,,,,,,
2026-04-06 12:02:00+00:00,BTC,trigger_discarded,pipeline_busy_or_global_cooldown,5.482833170583466,,,,,,,
2026-04-06 12:02:00+00:00,ETH,trigger_discarded,pipeline_busy_or_global_cooldown,2.9329517255609905,,,,,,,
2026-04-06 12:02:00+00:00,SOL,trigger_discarded,pipeline_busy_or_global_cooldown,2.487350783380743,,,,,,,
2026-04-06 12:03:00+00:00,AVAX,trigger_discarded,pipeline_busy_or_global_cooldown,1.207308621085484,,,,,,,
2026-04-06 12:03:00+00:00,BCH,trigger_discarded,pipeline_busy_or_global_cooldown,2.682742024432484,,,,,,,
2026-04-06 12:03:00+00:00,BTC,trigger_discarded,pipeline_busy_or_global_cooldown,3.3044414779079134,,,,,,,
2026-04-06 12:03:00+00:00,CC,trigger_discarded,pipeline_busy_or_global_cooldown,2.7233695514242804,,,,,,,
2026-04-06 12:03:00+00:00,ETH,trigger_discarded,pipeline_busy_or_global_cooldown,2.634120389593381,,,,,,,
2026-04-06 12:03:00+00:00,SOL,trigger_discarded,pipeline_busy_or_global_cooldown,2.9550557987798194,,,,,,,
2026-04-06 12:04:00+00:00,AVAX,trigger_discarded,pipeline_busy_or_global_cooldown,1.2051934758937035,,,,,,,
2026-04-06 12:04:00+00:00,BTC,trigger_discarded,pipeline_busy_or_global_cooldown,2.4786659289125224,,,,,,,
2026-04-06 12:04:00+00:00,ETH,trigger_discarded,pipeline_busy_or_global_cooldown,2.0162774913133097,,,,,,,
2026-04-06 12:04:00+00:00,SOL,trigger_discarded,pipeline_busy_or_global_cooldown,1.6732635884717832,,,,,,,
2026-04-06 12:05:00+00:00,AVAX,trigger_discarded,pipeline_busy_or_global_cooldown,1.371932668585207,,,,,,,
2026-04-06 12:05:00+00:00,SOL,trigger_discarded,pipeline_busy_or_global_cooldown,2.2469107978774003,,,,,,,
2026-04-06 12:06:00+00:00,AVAX,trigger_discarded,pipeline_busy_or_global_cooldown,1.1144386854920996,,,,,,,
2026-04-06 12:06:00+00:00,BCH,trigger_discarded,pipeline_busy_or_global_cooldown,2.154055026920692,,,,,,,
2026-04-06 12:06:00+00:00,BTC,trigger_discarded,pipeline_busy_or_global_cooldown,1.5683664750043873,,,,,,,
2026-04-06 12:07:00+00:00,BCH,trigger_discarded,pipeline_busy_or_global_cooldown,1.7752721499756223,,,,,,,
2026-04-06 12:07:00+00:00,BTC,trigger_discarded,pipeline_busy_or_global_cooldown,1.2631935224484663,,,,,,,
2026-04-06 12:07:00+00:00,ETH,trigger_discarded,pipeline_busy_or_global_cooldown,2.7148623758283565,,,,,,,
2026-04-06 12:08:00+00:00,AVAX,trigger_discarded,pipeline_busy_or_global_cooldown,1.3721391519247315,,,,,,,
2026-04-06 12:08:00+00:00,BCH,trigger_discarded,pipeline_busy_or_global_cooldown,2.5303503403947083,,,,,,,
2026-04-06 12:08:00+00:00,BTC,trigger_discarded,pipeline_busy_or_global_cooldown,1.957309297007657,,,,,,,
2026-04-06 12:08:00+00:00,ETH,trigger_discarded,pipeline_busy_or_global_cooldown,2.5510226172369608,,,,,,,
2026-04-06 12:08:00+00:00,SOL,trigger_discarded,pipeline_busy_or_global_cooldown,2.049265632556396,,,,,,,
2026-04-06 12:09:00+00:00,AVAX,trigger_discarded,pipeline_busy_or_global_cooldown,1.4321730795055894,,,,,,,
2026-04-06 12:09:00+00:00,BCH,trigger_discarded,pipeline_busy_or_global_cooldown,0.9692125814608197,,,,,,,
2026-04-06 12:09:00+00:00,BTC,trigger_discarded,pipeline_busy_or_global_cooldown,1.7669134919918332,,,,,,,
2026-04-06 12:09:00+00:00,ETH,trigger_discarded,pipeline_busy_or_global_cooldown,2.153138178010399,,,,,,,
2026-04-06 12:09:00+00:00,SOL,trigger_discarded,pipeline_busy_or_global_cooldown,1.389569625943834,,,,,,,
2026-04-06 12:10:00+00:00,BCH,trigger_admitted,abs_return_floor,1.1520549912970943,0.008523239850303677,short,0.5938690472738283,False,confidence_below_gate,Triggered by abs_return_floor; z=1.152; abs_return=0.00349; CBD omega=0.009; rho_cb=0.017; deterministic proxy decision.,Rejected before LLM validation: confidence gate failed.
2026-04-06 12:10:00+00:00,BTC,trigger_discarded,pipeline_busy_or_global_cooldown,1.0381931626566085,,,,,,,
2026-04-06 12:10:00+00:00,ETH,trigger_discarded,pipeline_busy_or_global_cooldown,1.4684484420735442,,,,,,,
2026-04-06 12:10:00+00:00,SOL,trigger_discarded,pipeline_busy_or_global_cooldown,1.5406625037633432,,,,,,,
2026-04-06 12:11:00+00:00,AVAX,trigger_discarded,pipeline_busy_or_global_cooldown,1.3721382241976758,,,,,,,
2026-04-06 12:11:00+00:00,BCH,trigger_discarded,pipeline_busy_or_global_cooldown,0.8583061601386827,,,,,,,
2026-04-06 12:11:00+00:00,BTC,trigger_discarded,pipeline_busy_or_global_cooldown,1.1170062565936398,,,,,,,
2026-04-06 12:11:00+00:00,ETH,trigger_discarded,pipeline_busy_or_global_cooldown,1.6337030329301014,,,,,,,
2026-04-06 12:11:00+00:00,SOL,trigger_discarded,pipeline_busy_or_global_cooldown,1.5047569460933994,,,,,,,
2026-04-06 12:12:00+00:00,AVAX,trigger_discarded,pipeline_busy_or_global_cooldown,0.6525670536088441,,,,,,,
2026-04-06 12:12:00+00:00,BTC,trigger_discarded,pipeline_busy_or_global_cooldown,0.8658179306008636,,,,,,,
2026-04-06 12:12:00+00:00,ETH,trigger_discarded,pipeline_busy_or_global_cooldown,0.9039819624694054,,,,,,,
2026-04-06 12:12:00+00:00,SOL,trigger_discarded,pipeline_busy_or_global_cooldown,1.1211840546402052,,,,,,,
2026-04-06 12:12:00+00:00,XPL,trigger_discarded,pipeline_busy_or_global_cooldown,2.6891014818763357,,,,,,,
2026-04-06 12:13:00+00:00,AVAX,trigger_discarded,pipeline_busy_or_global_cooldown,0.9177685122346265,,,,,,,
2026-04-06 12:13:00+00:00,BCH,trigger_discarded,pipeline_busy_or_global_cooldown,1.0571542018201303,,,,,,,
2026-04-06 12:13:00+00:00,BTC,trigger_discarded,pipeline_busy_or_global_cooldown,1.0787020187848513,,,,,,,
2026-04-06 12:13:00+00:00,ETH,trigger_discarded,pipeline_busy_or_global_cooldown,1.6177644701407785,,,,,,,
2026-04-06 12:13:00+00:00,SOL,trigger_discarded,pipeline_busy_or_global_cooldown,2.233288876622637,,,,,,,
2026-04-06 12:14:00+00:00,AVAX,trigger_discarded,pipeline_busy_or_global_cooldown,0.851667723515299,,,,,,,
2026-04-06 12:14:00+00:00,BTC,trigger_discarded,pipeline_busy_or_global_cooldown,0.8403131234618917,,,,,,,
2026-04-06 12:15:00+00:00,AVAX,trigger_discarded,pipeline_busy_or_global_cooldown,0.9074732409427825,,,,,,,
2026-04-06 12:15:00+00:00,BTC,trigger_discarded,pipeline_busy_or_global_cooldown,0.8299597608594221,,,,,,,
2026-04-06 12:15:00+00:00,ETH,trigger_discarded,pipeline_busy_or_global_cooldown,0.6653404290084822,,,,,,,
2026-04-06 12:16:00+00:00,BCH,trigger_discarded,pipeline_busy_or_global_cooldown,0.8881443869668085,,,,,,,
2026-04-06 12:16:00+00:00,BTC,trigger_discarded,pipeline_busy_or_global_cooldown,0.5508460025178346,,,,,,,
2026-04-06 12:16:00+00:00,SOL,trigger_discarded,pipeline_busy_or_global_cooldown,0.9258671557126652,,,,,,,
2026-04-06 12:17:00+00:00,BTC,trigger_discarded,pipeline_busy_or_global_cooldown,0.4966042206866109,,,,,,,
2026-04-06 12:18:00+00:00,AVAX,trigger_discarded,pipeline_busy_or_global_cooldown,1.8831516201281366,,,,,,,
2026-04-06 12:18:00+00:00,BCH,trigger_discarded,pipeline_busy_or_global_cooldown,1.9341349060938309,,,,,,,
2026-04-06 12:18:00+00:00,BTC,trigger_discarded,pipeline_busy_or_global_cooldown,1.358118015743409,,,,,,,
2026-04-06 12:18:00+00:00,ETH,trigger_discarded,pipeline_busy_or_global_cooldown,0.9208769361820176,,,,,,,
2026-04-06 12:18:00+00:00,SOL,trigger_discarded,pipeline_busy_or_global_cooldown,1.5659343570391617,,,,,,,
2026-04-06 12:19:00+00:00,AVAX,trigger_discarded,pipeline_busy_or_global_cooldown,0.8970446766387304,,,,,,,
2026-04-06 12:19:00+00:00,BCH,trigger_discarded,pipeline_busy_or_global_cooldown,0.7416536013538265,,,,,,,
2026-04-06 12:19:00+00:00,BTC,trigger_discarded,pipeline_busy_or_global_cooldown,1.5058419353231192,,,,,,,
2026-04-06 12:19:00+00:00,ETH,trigger_discarded,pipeline_busy_or_global_cooldown,1.6217112949942447,,,,,,,
2026-04-06 12:19:00+00:00,SOL,trigger_discarded,pipeline_busy_or_global_cooldown,1.3441356554000599,,,,,,,
2026-04-06 12:24:00+00:00,FARTCOIN,trigger_discarded,pipeline_busy_or_global_cooldown,3.214235550483444,,,,,,,
2026-04-06 12:29:00+00:00,FARTCOIN,trigger_discarded,pipeline_busy_or_global_cooldown,3.245271619966447,,,,,,,
2026-04-06 12:35:00+00:00,CC,trigger_discarded,pipeline_busy_or_global_cooldown,2.10308467318014,,,,,,,
2026-04-06 12:37:00+00:00,CC,trigger_discarded,pipeline_busy_or_global_cooldown,2.223653876861262,,,,,,,
2026-04-06 12:46:00+00:00,XPL,trigger_admitted,z_score,3.122886337779952,0.7116683995023219,short,0.8921645869228606,True,,Triggered by z_score; z=3.123; abs_return=0.00280; CBD omega=0.712; rho_cb=0.994; deterministic proxy decision.,Approved by deterministic hard gates.
2026-04-06 12:53:00+00:00,ETH,trigger_discarded,pipeline_busy_or_global_cooldown,2.7261945516765853,,,,,,,
2026-04-06 12:55:00+00:00,AVAX,trigger_discarded,pipeline_busy_or_global_cooldown,2.710405061796516,,,,,,,
2026-04-06 12:58:00+00:00,BCH,trigger_discarded,pipeline_busy_or_global_cooldown,2.1564956963364534,,,,,,,
2026-04-06 12:59:00+00:00,ETH,trigger_discarded,pipeline_busy_or_global_cooldown,2.265545536201357,,,,,,,
2026-04-06 13:05:00+00:00,XPL,trigger_discarded,pipeline_busy_or_global_cooldown,3.4527157717909938,,,,,,,
2026-04-06 13:07:00+00:00,CC,trigger_discarded,pipeline_busy_or_global_cooldown,3.27040928430298,,,,,,,
2026-04-06 13:24:00+00:00,BCH,trigger_admitted,z_score,2.873310662173588,0.5140111698287981,long,0.8326670869396466,True,,Triggered by z_score; z=2.873; abs_return=0.00277; CBD omega=0.514; rho_cb=0.674; deterministic proxy decision.,Approved by deterministic hard gates.
2026-04-06 13:25:00+00:00,AVAX,trigger_discarded,pipeline_busy_or_global_cooldown,2.107264871207282,,,,,,,
2026-04-06 13:25:00+00:00,FARTCOIN,trigger_discarded,pipeline_busy_or_global_cooldown,3.0742575369461984,,,,,,,
2026-04-06 13:27:00+00:00,SOL,trigger_discarded,pipeline_busy_or_global_cooldown,2.1442478714879076,,,,,,,
2026-04-06 13:31:00+00:00,SOL,trigger_discarded,pipeline_busy_or_global_cooldown,2.8337685782468496,,,,,,,
2026-04-06 13:33:00+00:00,ETH,trigger_discarded,pipeline_busy_or_global_cooldown,2.9678449189626863,,,,,,,
2026-04-06 13:37:00+00:00,XPL,trigger_discarded,pipeline_busy_or_global_cooldown,2.2503702547755435,,,,,,,
2026-04-06 13:39:00+00:00,AVAX,trigger_discarded,pipeline_busy_or_global_cooldown,4.693470006336255,,,,,,,
2026-04-06 13:40:00+00:00,BCH,trigger_discarded,pipeline_busy_or_global_cooldown,2.1470013615836687,,,,,,,
2026-04-06 13:40:00+00:00,ETH,trigger_discarded,pipeline_busy_or_global_cooldown,2.5432323914943145,,,,,,,
2026-04-06 13:43:00+00:00,BTC,trigger_discarded,pipeline_busy_or_global_cooldown,3.091849101385984,,,,,,,
2026-04-06 13:44:00+00:00,BTC,trigger_discarded,pipeline_busy_or_global_cooldown,2.1261135605344728,,,,,,,
2026-04-06 13:49:00+00:00,BCH,trigger_discarded,pipeline_busy_or_global_cooldown,2.6638429640545906,,,,,,,
2026-04-06 13:49:00+00:00,BTC,trigger_discarded,pipeline_busy_or_global_cooldown,3.542017591740483,,,,,,,
2026-04-06 13:51:00+00:00,FARTCOIN,trigger_discarded,pipeline_busy_or_global_cooldown,3.057092194257888,,,,,,,
2026-04-06 13:55:00+00:00,ETH,trigger_admitted,z_score_and_abs_return_floor,3.7702234597696402,0.31604087957628524,short,0.8648260526968282,True,,Triggered by z_score_and_abs_return_floor; z=3.770; abs_return=0.00328; CBD omega=0.316; rho_cb=0.045; deterministic proxy decision.,Approved by deterministic hard gates.
2026-04-06 13:57:00+00:00,ETH,trigger_discarded,pipeline_busy_or_global_cooldown,2.1102451945015597,,,,,,,
2026-04-06 13:58:00+00:00,CC,trigger_discarded,pipeline_busy_or_global_cooldown,2.092840699198643,,,,,,,
2026-04-06 14:00:00+00:00,AVAX,trigger_discarded,pipeline_busy_or_global_cooldown,2.0285819299164,,,,,,,
2026-04-06 14:00:00+00:00,SOL,trigger_discarded,pipeline_busy_or_global_cooldown,2.064653009281825,,,,,,,
2026-04-06 14:01:00+00:00,CC,trigger_discarded,pipeline_busy_or_global_cooldown,3.937992337761681,,,,,,,
2026-04-06 14:02:00+00:00,SOL,trigger_discarded,pipeline_busy_or_global_cooldown,2.4706363539773477,,,,,,,
2026-04-06 14:06:00+00:00,AVAX,trigger_discarded,pipeline_busy_or_global_cooldown,2.1044391567845544,,,,,,,
2026-04-06 14:06:00+00:00,BTC,trigger_discarded,pipeline_busy_or_global_cooldown,3.0687465571633687,,,,,,,
2026-04-06 14:06:00+00:00,SOL,trigger_discarded,pipeline_busy_or_global_cooldown,3.3341282135906107,,,,,,,
2026-04-06 14:07:00+00:00,XPL,trigger_discarded,pipeline_busy_or_global_cooldown,3.546257065266363,,,,,,,
2026-04-06 14:11:00+00:00,BCH,trigger_discarded,pipeline_busy_or_global_cooldown,2.0423763002712536,,,,,,,
2026-04-06 14:11:00+00:00,SOL,trigger_discarded,pipeline_busy_or_global_cooldown,2.4196339657601875,,,,,,,
2026-04-06 14:12:00+00:00,BCH,trigger_discarded,pipeline_busy_or_global_cooldown,2.7611950613431957,,,,,,,
2026-04-06 14:21:00+00:00,SOL,trigger_discarded,pipeline_busy_or_global_cooldown,2.2208563049450643,,,,,,,
2026-04-06 14:23:00+00:00,SOL,trigger_discarded,pipeline_busy_or_global_cooldown,2.2299921674650864,,,,,,,
2026-04-06 14:28:00+00:00,FARTCOIN,trigger_admitted,z_score_and_abs_return_floor,3.4967575645684157,0.4960417137492151,short,0.8789489479153163,True,,Triggered by z_score_and_abs_return_floor; z=3.497; abs_return=0.00347; CBD omega=0.496; rho_cb=0.465; deterministic proxy decision.,Approved by deterministic hard gates.
2026-04-06 14:29:00+00:00,CC,trigger_discarded,pipeline_busy_or_global_cooldown,2.1108732099024206,,,,,,,
2026-04-06 14:31:00+00:00,BCH,trigger_discarded,pipeline_busy_or_global_cooldown,3.4273149659294506,,,,,,,
2026-04-06 14:33:00+00:00,FARTCOIN,trigger_discarded,pipeline_busy_or_global_cooldown,4.176850947640095,,,,,,,
2026-04-06 14:34:00+00:00,CC,trigger_discarded,pipeline_busy_or_global_cooldown,2.581604538043358,,,,,,,
2026-04-06 14:34:00+00:00,FARTCOIN,trigger_discarded,pipeline_busy_or_global_cooldown,3.233169087027698,,,,,,,
2026-04-06 14:35:00+00:00,FARTCOIN,trigger_discarded,pipeline_busy_or_global_cooldown,1.9212225850426825,,,,,,,
2026-04-06 14:36:00+00:00,FARTCOIN,trigger_discarded,pipeline_busy_or_global_cooldown,1.418175499245969,,,,,,,
2026-04-06 14:37:00+00:00,FARTCOIN,trigger_discarded,pipeline_busy_or_global_cooldown,2.1073970830296496,,,,,,,
2026-04-06 14:39:00+00:00,FARTCOIN,trigger_discarded,pipeline_busy_or_global_cooldown,1.706115660577415,,,,,,,
2026-04-06 14:40:00+00:00,FARTCOIN,trigger_discarded,pipeline_busy_or_global_cooldown,1.8856785829381393,,,,,,,
2026-04-06 14:42:00+00:00,BCH,trigger_discarded,pipeline_busy_or_global_cooldown,2.809870752036734,,,,,,,
2026-04-06 14:44:00+00:00,ETH,trigger_discarded,pipeline_busy_or_global_cooldown,2.7306274806683004,,,,,,,
2026-04-06 14:46:00+00:00,CC,trigger_discarded,pipeline_busy_or_global_cooldown,5.676997289351314,,,,,,,
2026-04-06 14:46:00+00:00,XPL,trigger_discarded,pipeline_busy_or_global_cooldown,2.4469651013856195,,,,,,,
2026-04-06 14:48:00+00:00,BTC,trigger_discarded,pipeline_busy_or_global_cooldown,2.9513538096645147,,,,,,,
2026-04-06 14:49:00+00:00,BCH,trigger_discarded,pipeline_busy_or_global_cooldown,2.6885603022726756,,,,,,,
2026-04-06 14:56:00+00:00,XPL,trigger_discarded,pipeline_busy_or_global_cooldown,2.9628209722078536,,,,,,,
2026-04-06 14:57:00+00:00,XPL,trigger_discarded,pipeline_busy_or_global_cooldown,2.4972181990795326,,,,,,,
2026-04-06 14:58:00+00:00,XPL,trigger_admitted,z_score_and_abs_return_floor,3.4001546289227136,0.33330185401736084,long,0.8386727411172893,True,,Triggered by z_score_and_abs_return_floor; z=3.400; abs_return=0.00300; CBD omega=0.333; rho_cb=0.163; deterministic proxy decision.,Approved by deterministic hard gates.
2026-04-06 14:59:00+00:00,AVAX,trigger_discarded,pipeline_busy_or_global_cooldown,3.0363910622634975,,,,,,,
2026-04-06 14:59:00+00:00,XPL,trigger_discarded,pipeline_busy_or_global_cooldown,3.4017758022904503,,,,,,,
2026-04-06 15:03:00+00:00,SOL,trigger_discarded,pipeline_busy_or_global_cooldown,3.4640187680440415,,,,,,,
2026-04-06 15:05:00+00:00,BTC,trigger_discarded,pipeline_busy_or_global_cooldown,2.051128301057097,,,,,,,
2026-04-06 15:05:00+00:00,FARTCOIN,trigger_discarded,pipeline_busy_or_global_cooldown,1.4854128904588972,,,,,,,
2026-04-06 15:12:00+00:00,FARTCOIN,trigger_discarded,pipeline_busy_or_global_cooldown,2.514180018362845,,,,,,,
2026-04-06 15:19:00+00:00,BTC,trigger_discarded,pipeline_busy_or_global_cooldown,2.0317852382090282,,,,,,,
2026-04-06 15:19:00+00:00,FARTCOIN,trigger_discarded,pipeline_busy_or_global_cooldown,2.069027976385447,,,,,,,
2026-04-06 15:24:00+00:00,AVAX,trigger_discarded,pipeline_busy_or_global_cooldown,2.813669426638493,,,,,,,
2026-04-06 15:24:00+00:00,ETH,trigger_discarded,pipeline_busy_or_global_cooldown,2.2698519346168644,,,,,,,
2026-04-06 15:24:00+00:00,SOL,trigger_discarded,pipeline_busy_or_global_cooldown,2.8873503314887574,,,,,,,
2026-04-06 15:25:00+00:00,BCH,trigger_discarded,pipeline_busy_or_global_cooldown,3.289746902944984,,,,,,,
2026-04-06 15:25:00+00:00,ETH,trigger_discarded,pipeline_busy_or_global_cooldown,2.429019060180289,,,,,,,
2026-04-06 15:33:00+00:00,ETH,trigger_admitted,z_score,2.536610276789746,0.2706627668754292,long,0.7570613755182655,True,,Triggered by z_score; z=2.537; abs_return=0.00242; CBD omega=0.271; rho_cb=0.306; deterministic proxy decision.,Approved by deterministic hard gates.
2026-04-06 15:34:00+00:00,CC,trigger_discarded,pipeline_busy_or_global_cooldown,2.18043111519335,,,,,,,
2026-04-06 15:44:00+00:00,BCH,trigger_discarded,pipeline_busy_or_global_cooldown,2.5533077389845342,,,,,,,
2026-04-06 15:47:00+00:00,AVAX,trigger_discarded,pipeline_busy_or_global_cooldown,2.017466919761093,,,,,,,
2026-04-06 15:47:00+00:00,BTC,trigger_discarded,pipeline_busy_or_global_cooldown,4.213623176676809,,,,,,,
2026-04-06 15:49:00+00:00,BTC,trigger_discarded,pipeline_busy_or_global_cooldown,4.377839161739441,,,,,,,
2026-04-06 15:49:00+00:00,SOL,trigger_discarded,pipeline_busy_or_global_cooldown,3.927396399439206,,,,,,,
2026-04-06 15:50:00+00:00,ETH,trigger_discarded,pipeline_busy_or_global_cooldown,2.583368873869767,,,,,,,
2026-04-06 15:52:00+00:00,CC,trigger_discarded,pipeline_busy_or_global_cooldown,2.3218970300606885,,,,,,,
2026-04-06 15:57:00+00:00,AVAX,trigger_discarded,pipeline_busy_or_global_cooldown,3.297873051363141,,,,,,,
2026-04-06 15:57:00+00:00,XPL,trigger_discarded,pipeline_busy_or_global_cooldown,2.036510795975398,,,,,,,
2026-04-06 15:59:00+00:00,CC,trigger_discarded,pipeline_busy_or_global_cooldown,3.2670148909127743,,,,,,,
2026-04-06 16:02:00+00:00,XPL,trigger_discarded,pipeline_busy_or_global_cooldown,3.0236617222580646,,,,,,,
2026-04-06 16:04:00+00:00,SOL,trigger_admitted,z_score,2.256249819197156,0.22306529303157718,short,0.725113044142088,True,,Triggered by z_score; z=2.256; abs_return=0.00212; CBD omega=0.223; rho_cb=0.326; deterministic proxy decision.,Approved by deterministic hard gates.
2026-04-06 16:05:00+00:00,ETH,trigger_discarded,pipeline_busy_or_global_cooldown,2.350573952371368,,,,,,,
2026-04-06 16:06:00+00:00,SOL,trigger_discarded,pipeline_busy_or_global_cooldown,2.2922856146933728,,,,,,,
2026-04-06 16:08:00+00:00,FARTCOIN,trigger_discarded,pipeline_busy_or_global_cooldown,2.6599692585360026,,,,,,,
2026-04-06 16:13:00+00:00,BCH,trigger_discarded,pipeline_busy_or_global_cooldown,3.4277020957997983,,,,,,,
2026-04-06 16:14:00+00:00,SOL,trigger_discarded,pipeline_busy_or_global_cooldown,2.0764074780248443,,,,,,,
2026-04-06 16:17:00+00:00,XPL,trigger_discarded,pipeline_busy_or_global_cooldown,6.301184390081756,,,,,,,
2026-04-06 16:19:00+00:00,FARTCOIN,trigger_discarded,pipeline_busy_or_global_cooldown,3.431368232781435,,,,,,,
2026-04-06 16:19:00+00:00,XPL,trigger_discarded,pipeline_busy_or_global_cooldown,3.1670350462299206,,,,,,,
2026-04-06 16:21:00+00:00,XPL,trigger_discarded,pipeline_busy_or_global_cooldown,1.6212709905428426,,,,,,,
2026-04-06 16:22:00+00:00,XPL,trigger_discarded,pipeline_busy_or_global_cooldown,1.4869955454796635,,,,,,,
2026-04-06 16:23:00+00:00,XPL,trigger_discarded,pipeline_busy_or_global_cooldown,1.8841579959971566,,,,,,,
2026-04-06 16:24:00+00:00,XPL,trigger_discarded,pipeline_busy_or_global_cooldown,0.9479083623457715,,,,,,,
2026-04-06 16:26:00+00:00,BCH,trigger_discarded,pipeline_busy_or_global_cooldown,3.858261109042177,,,,,,,
2026-04-06 16:32:00+00:00,BTC,trigger_discarded,pipeline_busy_or_global_cooldown,2.421165452720693,,,,,,,
2026-04-06 16:45:00+00:00,ETH,trigger_admitted,z_score,3.330290026764333,0.326426698585629,long,0.8317085418582725,True,,Triggered by z_score; z=3.330; abs_return=0.00255; CBD omega=0.326; rho_cb=0.167; deterministic proxy decision.,Approved by deterministic hard gates.
2026-04-06 16:47:00+00:00,FARTCOIN,trigger_discarded,pipeline_busy_or_global_cooldown,2.2209247567326065,,,,,,,
2026-04-06 16:48:00+00:00,FARTCOIN,trigger_discarded,pipeline_busy_or_global_cooldown,2.0511499349739593,,,,,,,
2026-04-06 16:50:00+00:00,SOL,trigger_discarded,pipeline_busy_or_global_cooldown,2.971814361362704,,,,,,,
2026-04-06 16:51:00+00:00,AVAX,trigger_discarded,pipeline_busy_or_global_cooldown,2.7684045768177197,,,,,,,
2026-04-06 16:53:00+00:00,BTC,trigger_discarded,pipeline_busy_or_global_cooldown,2.124878612442693,,,,,,,
2026-04-06 16:54:00+00:00,SOL,trigger_discarded,pipeline_busy_or_global_cooldown,3.2482459268392385,,,,,,,
2026-04-06 16:55:00+00:00,SOL,trigger_discarded,pipeline_busy_or_global_cooldown,2.2941333602673115,,,,,,,
2026-04-06 16:58:00+00:00,CC,trigger_discarded,pipeline_busy_or_global_cooldown,2.259304663762744,,,,,,,
2026-04-06 17:04:00+00:00,AVAX,trigger_discarded,pipeline_busy_or_global_cooldown,2.44850811558554,,,,,,,
2026-04-06 17:04:00+00:00,BCH,trigger_discarded,pipeline_busy_or_global_cooldown,2.2238619764068095,,,,,,,
2026-04-06 17:04:00+00:00,BTC,trigger_discarded,pipeline_busy_or_global_cooldown,3.7748580439660895,,,,,,,
2026-04-06 17:06:00+00:00,BTC,trigger_discarded,pipeline_busy_or_global_cooldown,3.1743501848528797,,,,,,,
2026-04-06 17:06:00+00:00,FARTCOIN,trigger_discarded,pipeline_busy_or_global_cooldown,2.91188477111636,,,,,,,
2026-04-06 17:06:00+00:00,SOL,trigger_discarded,pipeline_busy_or_global_cooldown,2.3005093659893348,,,,,,,
2026-04-06 17:10:00+00:00,SOL,trigger_discarded,pipeline_busy_or_global_cooldown,2.9170345800090858,,,,,,,
2026-04-06 17:18:00+00:00,CC,trigger_admitted,z_score,2.063662179023715,0.21397616804182412,long,0.707888207930262,True,,Triggered by z_score; z=2.064; abs_return=0.00188; CBD omega=0.214; rho_cb=0.397; deterministic proxy decision.,Approved by deterministic hard gates.
2026-04-06 17:20:00+00:00,FARTCOIN,trigger_discarded,pipeline_busy_or_global_cooldown,2.2131587904232353,,,,,,,
2026-04-06 17:26:00+00:00,FARTCOIN,trigger_discarded,pipeline_busy_or_global_cooldown,2.301798556811495,,,,,,,
2026-04-06 17:29:00+00:00,BCH,trigger_discarded,pipeline_busy_or_global_cooldown,2.842500855660117,,,,,,,
2026-04-06 17:33:00+00:00,AVAX,trigger_discarded,pipeline_busy_or_global_cooldown,2.324929249152293,,,,,,,
2026-04-06 17:33:00+00:00,BTC,trigger_discarded,pipeline_busy_or_global_cooldown,3.321776064452303,,,,,,,
2026-04-06 17:35:00+00:00,CC,trigger_discarded,pipeline_busy_or_global_cooldown,2.1330725963922816,,,,,,,
2026-04-06 17:35:00+00:00,ETH,trigger_discarded,pipeline_busy_or_global_cooldown,5.052929535549852,,,,,,,
2026-04-06 17:39:00+00:00,XPL,trigger_discarded,pipeline_busy_or_global_cooldown,3.6488612341068944,,,,,,,
2026-04-06 17:41:00+00:00,CC,trigger_discarded,pipeline_busy_or_global_cooldown,2.1960303269423314,,,,,,,
2026-04-06 17:43:00+00:00,XPL,trigger_discarded,pipeline_busy_or_global_cooldown,2.1367100938035293,,,,,,,
2026-04-06 17:44:00+00:00,XPL,trigger_discarded,pipeline_busy_or_global_cooldown,3.2684752709593465,,,,,,,
2026-04-06 17:46:00+00:00,SOL,trigger_discarded,pipeline_busy_or_global_cooldown,2.964748598559474,,,,,,,
2026-04-06 17:47:00+00:00,CC,trigger_discarded,pipeline_busy_or_global_cooldown,4.716801495562379,,,,,,,
2026-04-06 17:48:00+00:00,AVAX,trigger_admitted,z_score,2.3846171681075767,0.31037664308606355,long,0.7528447020658189,True,,Triggered by z_score; z=2.385; abs_return=0.00231; CBD omega=0.310; rho_cb=0.446; deterministic proxy decision.,Approved by deterministic hard gates.
2026-04-06 17:49:00+00:00,BCH,trigger_discarded,pipeline_busy_or_global_cooldown,2.218998272317037,,,,,,,
2026-04-06 17:52:00+00:00,BCH,trigger_discarded,pipeline_busy_or_global_cooldown,3.473303166490348,,,,,,,
2026-04-06 17:54:00+00:00,SOL,trigger_discarded,pipeline_busy_or_global_cooldown,2.2801244114006347,,,,,,,
2026-04-06 17:55:00+00:00,FARTCOIN,trigger_discarded,pipeline_busy_or_global_cooldown,2.2593690067634933,,,,,,,
2026-04-06 17:57:00+00:00,AVAX,trigger_discarded,pipeline_busy_or_global_cooldown,2.762150113741699,,,,,,,
2026-04-06 17:57:00+00:00,BTC,trigger_discarded,pipeline_busy_or_global_cooldown,3.4071660413020437,,,,,,,
2026-04-06 17:57:00+00:00,ETH,trigger_discarded,pipeline_busy_or_global_cooldown,3.748519843589356,,,,,,,
2026-04-06 17:58:00+00:00,FARTCOIN,trigger_discarded,pipeline_busy_or_global_cooldown,2.0111610391103802,,,,,,,
2026-04-06 18:02:00+00:00,FARTCOIN,trigger_discarded,pipeline_busy_or_global_cooldown,2.6524231989558427,,,,,,,
2026-04-06 18:04:00+00:00,XPL,trigger_discarded,pipeline_busy_or_global_cooldown,2.576977331343614,,,,,,,
2026-04-06 18:05:00+00:00,XPL,trigger_discarded,pipeline_busy_or_global_cooldown,2.8436387346995957,,,,,,,
2026-04-06 18:09:00+00:00,FARTCOIN,trigger_discarded,pipeline_busy_or_global_cooldown,2.9839377093077566,,,,,,,
2026-04-06 18:21:00+00:00,BCH,trigger_admitted,z_score,2.7226927321665064,0.35906082657741484,short,0.7896275838888035,True,,Triggered by z_score; z=2.723; abs_return=0.00235; CBD omega=0.359; rho_cb=0.415; deterministic proxy decision.,Approved by deterministic hard gates.
2026-04-06 18:21:00+00:00,CC,trigger_discarded,pipeline_busy_or_global_cooldown,2.0235174587464972,,,,,,,
2026-04-06 18:32:00+00:00,CC,trigger_discarded,pipeline_busy_or_global_cooldown,5.188467396149359,,,,,,,
2026-04-06 18:33:00+00:00,CC,trigger_discarded,pipeline_busy_or_global_cooldown,2.5387053743889707,,,,,,,
2026-04-06 18:33:00+00:00,ETH,trigger_discarded,pipeline_busy_or_global_cooldown,2.455970027696376,,,,,,,
2026-04-06 18:34:00+00:00,FARTCOIN,trigger_discarded,pipeline_busy_or_global_cooldown,3.034009166651733,,,,,,,
2026-04-06 18:37:00+00:00,CC,trigger_discarded,pipeline_busy_or_global_cooldown,2.135872158956574,,,,,,,
2026-04-06 18:39:00+00:00,AVAX,trigger_discarded,pipeline_busy_or_global_cooldown,2.0401097638999035,,,,,,,
2026-04-06 18:40:00+00:00,FARTCOIN,trigger_discarded,pipeline_busy_or_global_cooldown,2.141269112441063,,,,,,,
2026-04-06 18:43:00+00:00,BCH,trigger_discarded,pipeline_busy_or_global_cooldown,2.1880952709510613,,,,,,,
2026-04-06 18:46:00+00:00,AVAX,trigger_discarded,pipeline_busy_or_global_cooldown,3.0031173624008205,,,,,,,
2026-04-06 18:46:00+00:00,BTC,trigger_discarded,pipeline_busy_or_global_cooldown,2.3185509428621747,,,,,,,
2026-04-06 18:46:00+00:00,CC,trigger_discarded,pipeline_busy_or_global_cooldown,2.88431062208373,,,,,,,
2026-04-06 18:47:00+00:00,CC,trigger_discarded,pipeline_busy_or_global_cooldown,2.1199066760378957,,,,,,,
2026-04-06 18:49:00+00:00,AVAX,trigger_discarded,pipeline_busy_or_global_cooldown,2.308070127915998,,,,,,,
2026-04-06 18:49:00+00:00,BCH,trigger_discarded,pipeline_busy_or_global_cooldown,2.174171440960349,,,,,,,
2026-04-06 18:49:00+00:00,BTC,trigger_discarded,pipeline_busy_or_global_cooldown,2.903534358779009,,,,,,,
2026-04-06 18:55:00+00:00,BCH,trigger_admitted,z_score,3.201424116370132,0.689051797655116,long,0.8939242888406338,True,,Triggered by z_score; z=3.201; abs_return=0.00272; CBD omega=0.689; rho_cb=0.927; deterministic proxy decision.,Approved by deterministic hard gates.
2026-04-06 18:55:00+00:00,SOL,trigger_discarded,pipeline_busy_or_global_cooldown,3.5580778406199642,,,,,,,
2026-04-06 19:01:00+00:00,BTC,trigger_discarded,pipeline_busy_or_global_cooldown,2.907461549950301,,,,,,,
2026-04-06 19:01:00+00:00,SOL,trigger_discarded,pipeline_busy_or_global_cooldown,3.719251674595613,,,,,,,
2026-04-06 19:02:00+00:00,BTC,trigger_discarded,pipeline_busy_or_global_cooldown,2.0083211592583705,,,,,,,
2026-04-06 19:02:00+00:00,SOL,trigger_discarded,pipeline_busy_or_global_cooldown,2.941309057579001,,,,,,,
2026-04-06 19:03:00+00:00,BCH,trigger_discarded,pipeline_busy_or_global_cooldown,2.0388780768057506,,,,,,,
2026-04-06 19:06:00+00:00,XPL,trigger_discarded,pipeline_busy_or_global_cooldown,3.267879139673506,,,,,,,
2026-04-06 19:10:00+00:00,CC,trigger_discarded,pipeline_busy_or_global_cooldown,2.143202298811386,,,,,,,
2026-04-06 19:10:00+00:00,XPL,trigger_discarded,pipeline_busy_or_global_cooldown,2.537399917636272,,,,,,,
2026-04-06 19:11:00+00:00,ETH,trigger_discarded,pipeline_busy_or_global_cooldown,3.7173740393309864,,,,,,,
2026-04-06 19:18:00+00:00,BCH,trigger_discarded,pipeline_busy_or_global_cooldown,2.164628551891335,,,,,,,
2026-04-06 19:18:00+00:00,BTC,trigger_discarded,pipeline_busy_or_global_cooldown,2.5446219611706336,,,,,,,
2026-04-06 19:18:00+00:00,ETH,trigger_discarded,pipeline_busy_or_global_cooldown,4.375889246667991,,,,,,,
2026-04-06 19:26:00+00:00,BTC,trigger_admitted,z_score,2.36071518781915,0.08251421136556025,long,0.705360057298644,True,,Triggered by z_score; z=2.361; abs_return=0.00172; CBD omega=0.083; rho_cb=0.000; deterministic proxy decision.,Approved by deterministic hard gates.
2026-04-06 19:29:00+00:00,AVAX,trigger_discarded,pipeline_busy_or_global_cooldown,3.179353258768339,,,,,,,
2026-04-06 19:38:00+00:00,FARTCOIN,trigger_discarded,pipeline_busy_or_global_cooldown,4.0730895549364075,,,,,,,
2026-04-06 19:38:00+00:00,XPL,trigger_discarded,pipeline_busy_or_global_cooldown,2.2000089410550303,,,,,,,
2026-04-06 19:39:00+00:00,AVAX,trigger_discarded,pipeline_busy_or_global_cooldown,2.1341958663894327,,,,,,,
2026-04-06 19:43:00+00:00,XPL,trigger_discarded,pipeline_busy_or_global_cooldown,2.4637355252868045,,,,,,,
2026-04-06 19:45:00+00:00,AVAX,trigger_discarded,pipeline_busy_or_global_cooldown,2.1145309386322495,,,,,,,
2026-04-06 19:48:00+00:00,SOL,trigger_discarded,pipeline_busy_or_global_cooldown,2.079624977533917,,,,,,,
2026-04-06 19:50:00+00:00,BCH,trigger_discarded,pipeline_busy_or_global_cooldown,2.4431422636569495,,,,,,,
2026-04-06 19:54:00+00:00,ETH,trigger_discarded,pipeline_busy_or_global_cooldown,2.441345445357099,,,,,,,
2026-04-06 19:55:00+00:00,AVAX,trigger_discarded,pipeline_busy_or_global_cooldown,2.855120349581776,,,,,,,
2026-04-06 19:55:00+00:00,ETH,trigger_discarded,pipeline_busy_or_global_cooldown,2.2835078780087135,,,,,,,
2026-04-06 19:57:00+00:00,XPL,trigger_admitted,z_score,2.902387483928104,0.5510364341658625,short,0.8423982855474208,True,,Triggered by z_score; z=2.902; abs_return=0.00295; CBD omega=0.551; rho_cb=0.739; deterministic proxy decision.,Approved by deterministic hard gates.
2026-04-06 20:00:00+00:00,BCH,trigger_discarded,pipeline_busy_or_global_cooldown,2.40155941226078,,,,,,,
2026-04-06 20:05:00+00:00,XPL,trigger_discarded,pipeline_busy_or_global_cooldown,2.0602552048586897,,,,,,,
2026-04-06 20:06:00+00:00,SOL,trigger_discarded,pipeline_busy_or_global_cooldown,3.062766653610706,,,,,,,
2026-04-06 20:08:00+00:00,BTC,trigger_discarded,pipeline_busy_or_global_cooldown,2.826144896630058,,,,,,,
2026-04-06 20:08:00+00:00,SOL,trigger_discarded,pipeline_busy_or_global_cooldown,2.701921597708884,,,,,,,
2026-04-06 20:09:00+00:00,ETH,trigger_discarded,pipeline_busy_or_global_cooldown,2.471641555049508,,,,,,,
2026-04-06 20:09:00+00:00,FARTCOIN,trigger_discarded,pipeline_busy_or_global_cooldown,2.4383216157685292,,,,,,,
2026-04-06 20:09:00+00:00,SOL,trigger_discarded,pipeline_busy_or_global_cooldown,2.692351362402579,,,,,,,
2026-04-06 20:14:00+00:00,AVAX,trigger_discarded,pipeline_busy_or_global_cooldown,2.647924498712231,,,,,,,
2026-04-06 20:14:00+00:00,BCH,trigger_discarded,pipeline_busy_or_global_cooldown,5.277745791249403,,,,,,,
2026-04-06 20:14:00+00:00,BTC,trigger_discarded,pipeline_busy_or_global_cooldown,3.079985985335308,,,,,,,
2026-04-06 20:14:00+00:00,FARTCOIN,trigger_discarded,pipeline_busy_or_global_cooldown,3.726396499159751,,,,,,,
2026-04-06 20:14:00+00:00,SOL,trigger_discarded,pipeline_busy_or_global_cooldown,3.828071206183676,,,,,,,
2026-04-06 20:15:00+00:00,AVAX,trigger_discarded,pipeline_busy_or_global_cooldown,2.895104475610885,,,,,,,
2026-04-06 20:17:00+00:00,AVAX,trigger_discarded,pipeline_busy_or_global_cooldown,2.136442443604762,,,,,,,
2026-04-06 20:19:00+00:00,FARTCOIN,trigger_discarded,pipeline_busy_or_global_cooldown,2.410704390999867,,,,,,,
2026-04-06 20:23:00+00:00,CC,trigger_discarded,pipeline_busy_or_global_cooldown,3.0810921449439315,,,,,,,
2026-04-06 20:27:00+00:00,BCH,trigger_admitted,z_score,2.0844438311262636,0.05006981415905676,short,0.6767694693219124,True,,Triggered by z_score; z=2.084; abs_return=0.00261; CBD omega=0.050; rho_cb=0.059; deterministic proxy decision.,Approved by deterministic hard gates.
2026-04-06 20:30:00+00:00,FARTCOIN,trigger_discarded,pipeline_busy_or_global_cooldown,2.509053360376978,,,,,,,
2026-04-06 20:33:00+00:00,FARTCOIN,trigger_discarded,pipeline_busy_or_global_cooldown,2.061775079570815,,,,,,,
2026-04-06 20:37:00+00:00,CC,trigger_discarded,pipeline_busy_or_global_cooldown,2.0058806685877286,,,,,,,
2026-04-06 20:39:00+00:00,AVAX,trigger_discarded,pipeline_busy_or_global_cooldown,3.035082713809151,,,,,,,
2026-04-06 20:44:00+00:00,CC,trigger_discarded,pipeline_busy_or_global_cooldown,2.7986599258250777,,,,,,,
2026-04-06 20:47:00+00:00,XPL,trigger_discarded,pipeline_busy_or_global_cooldown,2.1459346788226443,,,,,,,
2026-04-06 20:49:00+00:00,ETH,trigger_discarded,pipeline_busy_or_global_cooldown,3.3358277322107144,,,,,,,
2026-04-06 21:00:00+00:00,SOL,trigger_admitted,z_score_and_abs_return_floor,6.958575696335439,0.5643919175904548,long,1.0,True,,Triggered by z_score_and_abs_return_floor; z=6.959; abs_return=0.00371; CBD omega=0.564; rho_cb=0.213; deterministic proxy decision.,Approved by deterministic hard gates.
2026-04-06 21:02:00+00:00,BCH,trigger_discarded,pipeline_busy_or_global_cooldown,2.702701510675986,,,,,,,
2026-04-06 21:07:00+00:00,ETH,trigger_discarded,pipeline_busy_or_global_cooldown,2.0100640214389447,,,,,,,
2026-04-06 21:08:00+00:00,XPL,trigger_discarded,pipeline_busy_or_global_cooldown,2.0162544526257324,,,,,,,
2026-04-06 21:12:00+00:00,CC,trigger_discarded,pipeline_busy_or_global_cooldown,2.536622920191145,,,,,,,
2026-04-06 21:12:00+00:00,FARTCOIN,trigger_discarded,pipeline_busy_or_global_cooldown,2.1519449614662833,,,,,,,
2026-04-06 21:13:00+00:00,FARTCOIN,trigger_discarded,pipeline_busy_or_global_cooldown,2.164965738718614,,,,,,,
2026-04-06 21:18:00+00:00,AVAX,trigger_discarded,pipeline_busy_or_global_cooldown,2.1191841008533836,,,,,,,
2026-04-06 21:19:00+00:00,XPL,trigger_discarded,pipeline_busy_or_global_cooldown,2.8421206859166883,,,,,,,
2026-04-06 21:20:00+00:00,XPL,trigger_discarded,pipeline_busy_or_global_cooldown,2.410213700054658,,,,,,,
2026-04-06 21:21:00+00:00,BCH,trigger_discarded,pipeline_busy_or_global_cooldown,2.6806270501209046,,,,,,,
2026-04-06 21:21:00+00:00,BTC,trigger_discarded,pipeline_busy_or_global_cooldown,2.9884780285504324,,,,,,,
2026-04-06 21:22:00+00:00,BCH,trigger_discarded,pipeline_busy_or_global_cooldown,2.632520627830279,,,,,,,
2026-04-06 21:22:00+00:00,BTC,trigger_discarded,pipeline_busy_or_global_cooldown,2.3909989581245648,,,,,,,
2026-04-06 21:22:00+00:00,ETH,trigger_discarded,pipeline_busy_or_global_cooldown,3.9106813969296574,,,,,,,
2026-04-06 21:24:00+00:00,CC,trigger_discarded,pipeline_busy_or_global_cooldown,2.1889733580825346,,,,,,,
2026-04-06 21:26:00+00:00,BCH,trigger_discarded,pipeline_busy_or_global_cooldown,3.5828593609644863,,,,,,,
2026-04-06 21:26:00+00:00,CC,trigger_discarded,pipeline_busy_or_global_cooldown,2.1270350804670546,,,,,,,
2026-04-06 21:28:00+00:00,AVAX,trigger_discarded,pipeline_busy_or_global_cooldown,2.4782860997945253,,,,,,,
2026-04-06 21:28:00+00:00,BTC,trigger_discarded,pipeline_busy_or_global_cooldown,2.0271898128238854,,,,,,,
2026-04-06 21:28:00+00:00,ETH,trigger_discarded,pipeline_busy_or_global_cooldown,3.129746639795651,,,,,,,
2026-04-06 21:32:00+00:00,CC,trigger_admitted,z_score,2.0846189983855505,0.23199942259048933,long,0.7131694043889419,True,,Triggered by z_score; z=2.085; abs_return=0.00236; CBD omega=0.232; rho_cb=0.423; deterministic proxy decision.,Approved by deterministic hard gates.
2026-04-06 21:33:00+00:00,BTC,trigger_discarded,pipeline_busy_or_global_cooldown,2.1830664132113586,,,,,,,
2026-04-06 21:33:00+00:00,XPL,trigger_discarded,pipeline_busy_or_global_cooldown,2.2169850445389114,,,,,,,
2026-04-06 21:37:00+00:00,SOL,trigger_discarded,pipeline_busy_or_global_cooldown,2.008602497855337,,,,,,,
2026-04-06 21:39:00+00:00,FARTCOIN,trigger_discarded,pipeline_busy_or_global_cooldown,2.4892073012927547,,,,,,,
2026-04-06 21:41:00+00:00,AVAX,trigger_discarded,pipeline_busy_or_global_cooldown,3.7327990297110256,,,,,,,
2026-04-06 21:41:00+00:00,SOL,trigger_discarded,pipeline_busy_or_global_cooldown,2.335501849771333,,,,,,,
2026-04-06 21:42:00+00:00,SOL,trigger_discarded,pipeline_busy_or_global_cooldown,2.05813809933482,,,,,,,
2026-04-06 21:45:00+00:00,AVAX,trigger_discarded,pipeline_busy_or_global_cooldown,6.8306678966276815,,,,,,,
2026-04-06 21:45:00+00:00,BTC,trigger_discarded,pipeline_busy_or_global_cooldown,2.288820119324813,,,,,,,
2026-04-06 21:47:00+00:00,FARTCOIN,trigger_discarded,pipeline_busy_or_global_cooldown,3.674653580606861,,,,,,,
2026-04-06 21:48:00+00:00,AVAX,trigger_discarded,pipeline_busy_or_global_cooldown,2.178440423055913,,,,,,,
2026-04-06 21:48:00+00:00,BTC,trigger_discarded,pipeline_busy_or_global_cooldown,2.489542565558542,,,,,,,
2026-04-06 21:50:00+00:00,AVAX,trigger_discarded,pipeline_busy_or_global_cooldown,1.772787974604163,,,,,,,
2026-04-06 21:50:00+00:00,CC,trigger_discarded,pipeline_busy_or_global_cooldown,2.113575676870675,,,,,,,
2026-04-06 21:50:00+00:00,FARTCOIN,trigger_discarded,pipeline_busy_or_global_cooldown,2.436963002340466,,,,,,,
2026-04-06 21:52:00+00:00,XPL,trigger_discarded,pipeline_busy_or_global_cooldown,2.251298449909691,,,,,,,
2026-04-06 22:02:00+00:00,CC,trigger_admitted,z_score,2.6480260184568567,0.17328637695529664,long,0.7464993568676078,True,,Triggered by z_score; z=2.648; abs_return=0.00297; CBD omega=0.173; rho_cb=0.070; deterministic proxy decision.,Approved by deterministic hard gates.
2026-04-06 22:07:00+00:00,BCH,trigger_discarded,pipeline_busy_or_global_cooldown,3.1686510677906687,,,,,,,
2026-04-06 22:12:00+00:00,CC,trigger_discarded,pipeline_busy_or_global_cooldown,2.190633209682065,,,,,,,
2026-04-06 22:15:00+00:00,ETH,trigger_discarded,pipeline_busy_or_global_cooldown,4.9603016781269975,,,,,,,
2026-04-06 22:15:00+00:00,SOL,trigger_discarded,pipeline_busy_or_global_cooldown,2.305753670396663,,,,,,,
2026-04-06 22:18:00+00:00,BTC,trigger_discarded,pipeline_busy_or_global_cooldown,2.8125671911121546,,,,,,,
2026-04-06 22:21:00+00:00,SOL,trigger_discarded,pipeline_busy_or_global_cooldown,3.312127277271193,,,,,,,
2026-04-06 22:22:00+00:00,CC,trigger_discarded,pipeline_busy_or_global_cooldown,2.4750484727582895,,,,,,,
2026-04-06 22:24:00+00:00,FARTCOIN,trigger_discarded,pipeline_busy_or_global_cooldown,2.4743829690616104,,,,,,,
2026-04-06 22:25:00+00:00,BTC,trigger_discarded,pipeline_busy_or_global_cooldown,2.2294747509234734,,,,,,,
2026-04-06 22:32:00+00:00,BCH,trigger_admitted,z_score,3.2357223317665276,0.3088819049029193,short,0.820634167521906,True,,Triggered by z_score; z=3.236; abs_return=0.00283; CBD omega=0.309; rho_cb=0.157; deterministic proxy decision.,Approved by deterministic hard gates.
2026-04-06 22:34:00+00:00,BCH,trigger_discarded,pipeline_busy_or_global_cooldown,2.1323683168733822,,,,,,,
2026-04-06 22:39:00+00:00,AVAX,trigger_discarded,pipeline_busy_or_global_cooldown,2.167085104597112,,,,,,,
2026-04-06 22:39:00+00:00,XPL,trigger_discarded,pipeline_busy_or_global_cooldown,2.1453047065850113,,,,,,,
2026-04-06 22:41:00+00:00,BCH,trigger_discarded,pipeline_busy_or_global_cooldown,2.1455198965509052,,,,,,,
2026-04-06 22:42:00+00:00,AVAX,trigger_discarded,pipeline_busy_or_global_cooldown,2.6967525506660803,,,,,,,
2026-04-06 22:48:00+00:00,AVAX,trigger_discarded,pipeline_busy_or_global_cooldown,3.038270908154997,,,,,,,
2026-04-06 22:52:00+00:00,XPL,trigger_discarded,pipeline_busy_or_global_cooldown,4.362290439161424,,,,,,,
2026-04-06 22:55:00+00:00,XPL,trigger_discarded,pipeline_busy_or_global_cooldown,4.686497802610473,,,,,,,
2026-04-06 23:01:00+00:00,BTC,trigger_discarded,pipeline_busy_or_global_cooldown,3.9247105648855105,,,,,,,
2026-04-06 23:01:00+00:00,SOL,trigger_discarded,pipeline_busy_or_global_cooldown,2.0963117766635175,,,,,,,
2026-04-06 23:04:00+00:00,CC,trigger_admitted,z_score,2.8187986229252893,0.4633938987043217,short,0.8181826695748875,True,,Triggered by z_score; z=2.819; abs_return=0.00293; CBD omega=0.463; rho_cb=0.591; deterministic proxy decision.,Approved by deterministic hard gates.
2026-04-06 23:06:00+00:00,ETH,trigger_discarded,pipeline_busy_or_global_cooldown,3.6101942358910755,,,,,,,
2026-04-06 23:06:00+00:00,FARTCOIN,trigger_discarded,pipeline_busy_or_global_cooldown,3.4727437884674144,,,,,,,
2026-04-06 23:09:00+00:00,AVAX,trigger_discarded,pipeline_busy_or_global_cooldown,3.5978142125954538,,,,,,,
2026-04-06 23:11:00+00:00,AVAX,trigger_discarded,pipeline_busy_or_global_cooldown,2.73042037057345,,,,,,,
2026-04-06 23:16:00+00:00,FARTCOIN,trigger_discarded,pipeline_busy_or_global_cooldown,2.8877869357047126,,,,,,,
2026-04-06 23:25:00+00:00,CC,trigger_discarded,pipeline_busy_or_global_cooldown,2.654033601905142,,,,,,,
2026-04-06 23:26:00+00:00,XPL,trigger_discarded,pipeline_busy_or_global_cooldown,2.3927028627690854,,,,,,,
2026-04-06 23:31:00+00:00,BTC,trigger_discarded,pipeline_busy_or_global_cooldown,2.1802797231100985,,,,,,,
2026-04-06 23:31:00+00:00,ETH,trigger_discarded,pipeline_busy_or_global_cooldown,3.2677747574588762,,,,,,,
2026-04-06 23:31:00+00:00,XPL,trigger_discarded,pipeline_busy_or_global_cooldown,2.2497657065225987,,,,,,,
2026-04-06 23:32:00+00:00,CC,trigger_discarded,pipeline_busy_or_global_cooldown,5.0034160272316335,,,,,,,
2026-04-06 23:35:00+00:00,FARTCOIN,trigger_admitted,z_score,2.405713156280071,0.3725798402847176,short,0.7669730205593491,True,,Triggered by z_score; z=2.406; abs_return=0.00277; CBD omega=0.373; rho_cb=0.562; deterministic proxy decision.,Approved by deterministic hard gates.
2026-04-06 23:36:00+00:00,BTC,trigger_discarded,pipeline_busy_or_global_cooldown,2.404687193183077,,,,,,,
2026-04-06 23:37:00+00:00,BCH,trigger_discarded,pipeline_busy_or_global_cooldown,2.4259026114116007,,,,,,,
2026-04-06 23:37:00+00:00,SOL,trigger_discarded,pipeline_busy_or_global_cooldown,2.4907971036439083,,,,,,,
2026-04-06 23:42:00+00:00,FARTCOIN,trigger_discarded,pipeline_busy_or_global_cooldown,2.650887378308479,,,,,,,
2026-04-06 23:43:00+00:00,ETH,trigger_discarded,pipeline_busy_or_global_cooldown,5.592479699671622,,,,,,,
2026-04-06 23:46:00+00:00,SOL,trigger_discarded,pipeline_busy_or_global_cooldown,3.578872739108676,,,,,,,
2026-04-06 23:48:00+00:00,FARTCOIN,trigger_discarded,pipeline_busy_or_global_cooldown,2.5765389481724656,,,,,,,
2026-04-06 23:53:00+00:00,ETH,trigger_discarded,pipeline_busy_or_global_cooldown,2.1956280745403443,,,,,,,
2026-04-06 23:57:00+00:00,AVAX,trigger_discarded,pipeline_busy_or_global_cooldown,7.343009841137561,,,,,,,
2026-04-06 23:57:00+00:00,BTC,trigger_discarded,pipeline_busy_or_global_cooldown,3.5978936945200286,,,,,,,
2026-04-06 23:57:00+00:00,SOL,trigger_discarded,pipeline_busy_or_global_cooldown,3.215115729854548,,,,,,,
